new covid19,casos,nuevos,post covid,mil,last 24,casos covid 19,cases,normal,casos covid,casos covid19,reopening,post covid 19,new covid19 cases,nuevos casos covid,last 24 hours,stayhomesafelives buy song,believeyourpossibilities stayhomesafelives buy,nuevos casos,fantasticradiouk homeofpossibilities believeyourpossibilities,homeofpossibilities believeyourpossibilities stayhomesafelives,co uk fantasticradiouk,uk fantasticradiouk homeofpossibilities,covid19 cases,new coronavirus cases,new cases,19 em,muertes,contagios covid 19,brasil,contre coronavirus,spike,mortes covid 19,covid 19 cases,19 cases,contagios,post covid19,future,pacientes,casos nuevos,new covid 19,je,active cases,second,cases reported,muertes covid 19,number cases,doctors nurses,new covid,new normal,confinement,market,covid 19 em,covid19 outbreak,stay home stay,stayathome,ministerio salud,da covid,coronavirus covid2019,mil casos,últimas 24,da covid 19,second wave,il faut,nuevos casos coronavirus,muertes covid,god bless,wearing masks,covid 19 infections,june,últimas 24 horas
0,6117,0,0,0,0,535,13746,0,540,0,0,0,0,0,0,0,0,678,0,0,0,0,557,303,1533,0,0,0,0,389,0,0,1336,1351,0,0,0,0,0,246,3375,0,0,0,0,345,643,0,0,1986,0,0,0,355,4652,0,0,0,0,0,155,0,416,270,0,458,0,0,0,143
0,6634,0,0,0,0,549,14989,0,559,0,0,0,0,0,0,0,0,891,0,0,0,0,644,424,1705,0,0,0,0,500,0,0,1583,1594,0,0,0,0,0,353,3460,0,0,0,0,0,431,363,0,2260,0,0,296,427,2389,0,0,0,0,0,195,0,418,390,0,491,0,0,0,0
0,7278,0,0,0,0,698,16132,0,712,0,0,0,0,0,143,0,0,968,0,0,0,0,766,395,1766,0,0,0,1864,383,0,0,1717,1728,0,0,0,0,0,521,3483,0,0,302,0,0,391,529,0,2116,0,140,325,536,2127,0,0,398,0,0,267,0,421,453,0,555,0,0,0,148
0,7064,0,0,0,0,630,16520,0,648,314,0,0,0,0,163,0,0,856,0,0,0,0,740,384,1830,0,0,0,1773,363,0,0,1771,1788,0,0,0,0,0,421,3265,0,0,0,0,0,503,430,0,1908,0,136,443,433,0,0,0,1175,0,0,236,0,402,375,0,598,0,0,0,176
0,10021,0,0,0,0,836,31100,0,847,0,0,0,0,0,218,0,0,937,0,0,0,0,1452,429,2600,0,0,0,0,572,0,0,3056,3077,0,0,0,0,0,486,4158,0,0,480,0,577,1167,490,0,2691,0,225,699,628,3593,0,0,2357,0,0,380,0,523,377,0,878,0,165,0,250
0,10461,0,0,0,0,806,29218,0,839,466,0,0,0,0,340,0,0,1002,0,0,0,0,1402,428,2510,0,0,0,2939,548,0,0,3046,3065,0,0,0,0,0,512,4426,0,0,441,0,542,917,519,0,3407,0,230,712,570,2899,0,477,2451,0,455,465,0,499,342,0,969,0,0,0,433
0,9370,0,0,0,0,822,26648,0,838,0,0,0,0,0,280,0,0,970,0,0,0,0,1187,470,2925,0,2356,0,0,543,0,0,2675,2696,0,0,0,0,0,581,4608,0,0,449,0,493,656,586,0,3550,0,178,497,568,3169,0,0,1015,0,410,354,0,577,337,0,1009,0,0,0,399
0,9046,0,0,0,0,761,25414,2432,773,0,0,0,0,0,243,0,0,1080,0,0,0,0,1066,578,2618,0,0,0,0,518,0,0,2395,2418,0,0,0,0,0,483,4527,0,0,0,0,533,810,494,0,3248,0,209,557,435,0,0,379,944,0,0,368,0,543,368,0,941,392,0,0,321
0,8933,0,0,0,0,936,25084,0,951,0,0,0,0,190,243,0,0,1050,0,0,0,0,1107,688,2566,0,0,0,0,572,0,0,2641,2659,0,0,0,0,0,555,4111,0,0,458,0,0,896,562,0,3347,0,238,661,608,4551,0,0,700,0,0,397,0,527,383,0,1031,0,0,0,362
0,8708,0,0,0,0,771,23045,0,791,0,0,0,0,0,206,0,0,1043,0,0,0,0,1160,421,2421,0,0,0,0,604,0,0,2577,2593,0,0,0,0,0,629,4353,0,0,0,218,0,919,636,0,2827,0,248,661,464,8502,0,500,765,0,0,480,0,477,428,0,921,0,0,0,262
0,9234,0,0,0,0,881,24980,0,899,0,0,184,0,0,341,0,0,947,0,0,0,0,1263,505,2451,0,0,197,0,536,0,0,2720,2729,0,0,0,0,0,644,3959,0,0,529,0,440,943,655,0,3052,0,260,722,511,4598,0,481,779,0,0,461,0,473,313,0,1020,0,210,0,326
0,8940,0,0,0,0,938,25396,0,951,0,0,0,0,0,404,0,0,979,0,0,0,0,1239,365,2498,0,0,0,0,896,0,0,2932,2946,0,0,0,0,0,526,4254,0,0,0,234,481,766,541,0,3307,0,279,630,435,2808,0,592,727,0,0,575,629,512,335,0,952,0,0,0,360
0,9372,0,0,0,0,868,23587,0,879,0,0,192,0,0,337,0,0,1164,0,0,0,0,1157,407,2580,0,0,0,0,1370,0,0,2771,2813,0,0,0,0,0,609,4897,0,0,458,254,0,825,621,0,3760,0,333,632,463,3126,0,504,1251,0,485,486,0,614,383,0,893,675,0,0,466
0,10327,2753,0,0,0,1059,26312,0,1074,0,0,0,0,239,315,0,0,1331,0,0,0,0,1234,541,3049,0,0,0,0,824,0,0,2765,2794,0,0,0,0,0,707,4902,0,0,532,0,0,849,720,0,2960,0,286,501,510,3749,0,521,2255,0,516,505,0,671,406,0,968,0,0,0,495
0,9918,0,0,0,0,1057,26236,0,1071,0,0,225,0,236,327,0,0,1306,0,0,0,0,1121,906,3275,0,0,0,0,588,0,0,2833,2844,0,0,0,0,0,704,4475,0,0,529,0,492,763,712,0,3759,0,296,534,475,4440,0,496,1669,0,544,484,0,603,370,0,1019,0,0,0,521
0,10137,0,0,0,0,1086,23924,0,1110,0,0,305,0,216,296,0,0,1181,0,0,0,0,1187,797,2488,0,2827,0,0,807,0,0,2761,2771,0,0,0,0,0,770,4417,0,0,462,304,501,854,789,0,3679,0,328,681,460,4266,0,653,570,0,499,641,0,523,368,0,984,0,0,0,481
0,9836,0,0,0,0,1012,23028,2937,1039,0,0,269,0,0,431,0,0,1090,0,0,0,0,1218,606,2857,0,3270,0,0,665,0,0,2753,2767,0,0,0,0,0,941,4869,0,0,0,397,0,1634,959,0,4129,0,320,802,524,5586,0,660,0,0,608,638,0,521,387,0,949,0,221,0,590
0,11049,0,0,3026,479,1091,25943,3088,1138,513,0,323,0,0,416,0,0,1215,0,0,0,0,1320,531,2945,0,3034,238,0,721,0,0,3367,3421,0,0,0,0,0,861,5127,0,0,450,413,0,680,882,0,4523,0,301,727,472,3511,0,751,0,0,628,729,0,580,359,0,752,0,0,0,605
0,11264,0,0,0,0,1359,24954,0,1378,492,0,356,0,206,313,0,0,1261,0,0,0,0,1186,604,2749,0,2965,232,0,582,0,0,3401,3421,0,0,0,0,0,791,4134,0,0,481,382,0,652,818,0,3691,0,299,676,444,3903,0,792,462,0,609,776,0,554,328,0,721,0,0,0,595
0,11528,0,0,3079,523,1407,28048,3042,1428,455,0,279,0,265,494,0,0,1443,0,0,0,0,1280,635,3070,0,3430,231,0,627,0,0,3451,3468,0,0,0,2887,0,928,3975,0,0,567,467,468,620,971,0,3609,0,313,599,481,3399,0,769,0,0,573,756,0,497,440,476,768,0,209,0,552
0,10725,0,0,2779,459,1172,26536,2665,1198,416,0,320,0,272,410,0,0,1341,0,0,0,0,1303,778,2983,0,3398,215,3090,526,0,0,3402,3427,0,0,0,0,0,760,4001,418,0,468,613,443,718,778,0,3892,0,313,494,544,4777,0,631,767,0,678,613,0,792,352,621,821,0,264,0,653
0,12497,3230,0,3082,0,1429,29787,0,1463,556,0,305,0,269,399,0,0,1646,0,0,0,0,1434,1043,3711,0,3487,311,3479,0,0,0,3748,3762,0,0,0,0,0,929,5195,0,0,645,492,0,792,941,0,4963,0,319,583,602,4634,0,679,937,0,778,655,0,671,517,0,1040,0,0,0,748
0,13145,3876,0,0,0,1690,32709,0,1729,590,0,371,0,309,395,0,0,1757,0,0,0,0,1598,1328,4108,0,0,318,0,0,0,276,4129,4151,0,0,0,0,0,1174,5115,0,0,721,302,0,770,1215,0,5967,0,346,726,519,4541,0,917,1844,0,677,889,634,868,560,0,889,0,0,0,653
0,11924,3324,0,0,0,1489,28412,0,1518,0,0,405,0,278,365,0,0,1462,0,0,0,0,1590,860,3052,0,0,0,3275,601,0,0,3709,3735,0,553,0,0,0,1116,4717,0,0,601,320,0,693,1132,0,4509,0,408,727,494,0,0,933,1588,0,654,906,0,729,414,0,721,0,0,0,627
0,11400,3242,505,0,0,1373,27938,0,1442,512,0,426,0,279,319,0,0,1481,0,0,0,0,1585,642,3424,0,3201,267,0,564,0,0,3253,3275,0,503,0,3303,0,1019,4664,0,0,664,286,0,520,1053,0,3350,0,452,766,386,0,0,959,557,0,565,927,0,530,404,0,690,0,236,0,547
0,12098,3445,606,0,0,1461,29143,3763,1495,593,0,525,0,294,358,0,0,1623,0,0,0,0,1594,634,3570,0,0,301,3450,0,0,0,3654,3716,0,639,0,0,0,1083,4944,0,0,0,329,0,655,1101,648,3763,3499,405,732,490,5071,0,890,0,0,0,860,0,0,411,0,634,0,0,0,529
0,10645,3578,558,0,0,1326,27792,3273,1355,539,0,452,0,268,413,0,0,1513,0,0,0,0,1555,639,3099,0,3368,252,0,569,0,0,3732,3759,0,532,0,0,0,1292,4322,479,0,557,383,0,640,1320,0,3210,0,329,514,526,4036,0,742,0,0,580,719,0,504,422,0,602,0,228,0,555
0,10983,3238,0,0,454,1327,30713,2741,1350,526,0,339,0,273,413,0,0,1450,0,0,0,0,1633,884,3462,0,3188,386,0,494,0,0,4155,4180,0,0,0,0,0,1302,4167,454,0,590,361,482,614,1327,0,3302,0,438,0,435,3286,0,680,0,0,791,656,459,617,407,0,805,0,287,0,764
0,11897,3553,0,3006,0,1458,32363,3016,1477,586,0,378,0,330,460,0,0,1784,0,0,0,0,1578,1000,4283,0,3487,0,0,0,0,0,4249,4273,0,0,0,0,0,1246,4317,547,0,621,433,542,614,1267,0,3813,0,309,0,411,4304,0,706,0,0,713,689,742,709,453,0,757,0,0,0,681
630,12014,3773,801,3083,544,1512,33927,0,1542,607,0,574,276,308,487,0,0,1675,0,0,0,0,1891,855,4392,0,0,380,0,562,0,320,4772,4796,0,621,3659,0,0,1394,4100,566,0,723,336,672,582,1443,0,3736,0,464,707,513,3927,0,838,0,0,676,807,1012,558,394,0,694,0,397,0,637
657,11909,0,729,0,0,1383,32140,0,1428,565,0,609,0,300,442,0,0,1687,0,0,0,0,1689,781,3987,0,0,399,0,559,0,0,4259,4295,0,658,3850,3341,0,1351,4821,648,4147,616,307,0,609,1374,0,3600,0,384,711,455,4064,0,879,0,0,813,859,1658,612,445,0,756,0,368,0,776
0,12009,3620,755,0,0,1457,30140,0,1486,0,0,593,0,0,0,0,0,1622,0,0,0,0,1612,679,3767,0,0,364,0,0,0,0,4511,4573,0,1759,5224,0,0,1532,4714,0,6021,0,369,0,0,1559,0,0,0,512,0,484,4028,0,991,0,0,731,954,3041,0,427,0,734,0,0,0,697
571,11942,3886,762,3330,0,1481,28716,0,1516,0,0,628,0,248,399,0,0,1620,0,0,0,0,1460,750,3524,634,0,343,3466,583,0,474,4161,4197,0,810,4319,0,0,1414,5108,556,3393,623,452,0,533,1439,653,4039,0,634,712,487,3696,0,1153,0,0,842,1112,1117,650,410,0,764,0,311,0,810
579,11241,3926,663,3042,0,1494,25775,0,1524,557,0,538,249,388,387,0,0,1655,0,0,0,0,1448,647,3403,0,3355,273,0,666,0,0,3740,3761,0,664,4282,0,0,1355,4359,0,0,0,474,0,0,1379,0,0,0,425,633,413,0,0,846,0,0,704,823,649,541,346,0,706,0,0,0,682
603,12825,4153,716,3316,546,1537,32024,0,1577,574,0,596,287,397,494,0,0,1997,0,0,0,0,1856,1086,4558,0,3647,262,0,557,0,0,4258,4288,0,530,3990,0,0,1438,4676,631,3914,692,573,517,0,1479,0,2984,0,360,541,445,3119,0,896,521,0,896,880,739,552,474,583,688,0,248,0,862
673,13971,4101,745,3355,617,1965,35251,3448,1993,603,0,621,342,448,569,258,258,2058,258,258,258,258,1948,1102,4841,549,3825,320,0,0,0,286,4568,4601,0,531,4140,0,0,1463,4542,792,3062,912,450,583,0,1497,756,3089,0,549,542,412,3220,0,872,683,0,1057,851,771,621,523,0,675,0,287,0,1023
697,13739,3823,880,0,545,1877,34994,3934,1910,675,0,723,336,350,495,0,0,1753,0,0,0,0,2129,951,4506,545,0,464,0,576,0,0,4740,4763,0,859,5321,0,0,1681,4222,703,0,801,359,567,552,1724,907,3414,3421,545,669,402,0,0,1075,0,0,758,1038,836,534,424,0,674,0,302,0,722
637,14738,3934,954,4064,0,2025,35347,3720,2056,709,3538,783,282,322,445,0,0,1780,0,0,0,0,2143,977,3854,976,3502,443,5952,560,0,666,4857,4871,0,942,3811,0,0,1427,4811,678,0,725,405,600,643,1467,877,0,0,975,683,364,3387,0,1299,0,0,902,1228,667,625,436,0,651,0,357,0,859
630,14986,3734,1062,3917,573,2053,36966,4015,2087,732,3589,833,280,319,506,0,0,1835,0,0,0,0,2093,1125,4179,820,3844,446,5822,0,0,738,5042,5066,0,933,4503,0,0,1631,4778,758,4142,691,515,600,0,1656,1011,0,3444,818,787,400,0,0,1429,0,0,886,1369,1354,615,436,0,601,0,477,0,848
672,13996,3677,1066,3518,563,1854,35239,4049,1900,620,3523,871,251,331,485,233,233,1870,0,233,233,233,1927,1259,4494,645,0,377,4429,580,0,410,5017,5036,0,1180,3894,0,512,1633,4653,894,0,806,411,609,0,1669,898,0,3578,643,735,363,3970,0,1359,0,0,799,1300,753,574,466,0,587,0,369,0,758
648,7170,0,843,0,505,958,25768,3006,978,0,2542,599,268,209,446,0,0,987,0,0,0,0,1453,926,3381,427,0,210,0,380,0,208,3900,3920,0,709,3277,0,0,1387,3910,598,2508,633,275,474,409,1413,657,0,2747,422,613,303,0,0,778,0,0,562,745,725,448,253,0,472,0,194,0,537
628,14538,4342,710,3581,662,1977,35555,3223,2012,630,0,590,296,525,603,0,0,2318,0,0,0,0,1628,1543,5117,498,4057,461,3444,0,0,278,4931,4950,3296,577,4904,3433,596,1926,4318,792,0,799,522,573,0,1953,629,0,0,498,0,378,0,0,980,512,0,1026,942,850,0,561,604,537,637,262,0,988
-1,15599,4496,-1,4604,-1,-1,39189,3402,-1,-1,3094,-1,-1,-1,-1,0,0,-1,0,0,0,0,-1,-1,-1,-1,4115,-1,4782,-1,0,-1,-1,-1,3181,-1,4789,0,-1,-1,4405,-1,0,-1,-1,-1,0,-1,-1,0,0,-1,0,-1,0,-1,-1,-1,-1,-1,-1,-1,-1,-1,-1,-1,-1,0,0,-1
-1,14976,3812,-1,3887,-1,-1,37350,3824,-1,-1,4290,-1,-1,-1,-1,0,0,-1,0,0,0,0,-1,-1,-1,-1,3583,-1,4024,-1,0,-1,-1,-1,0,-1,5429,3363,0,-1,4134,-1,0,-1,-1,-1,0,-1,-1,0,3949,-1,-1,-1,0,0,-1,0,-1,-1,-1,-1,-1,-1,0,0,0,-1,4375,-1
725,15008,4168,1083,3776,787,2127,34156,3919,2164,743,4655,906,297,380,694,0,0,2128,0,0,0,0,1923,1385,4526,757,3753,482,4380,0,0,447,5250,5276,3459,950,4475,3573,0,2011,3833,819,3940,712,610,651,0,2065,1129,0,3923,754,559,314,0,0,1303,0,0,1048,1252,910,594,535,623,0,0,296,0,1012
748,15026,4064,1091,3909,0,1980,33954,4296,2018,719,5268,850,297,382,446,0,0,2127,0,0,0,0,1947,1208,4577,718,3822,497,4824,0,0,417,4708,4735,0,1073,5710,0,0,1920,4326,926,0,663,524,572,0,1967,1164,0,3915,716,601,326,0,0,1459,0,0,1111,1418,799,576,532,544,628,537,438,0,1035
744,16205,4492,1160,4570,679,2201,35357,4353,2256,828,5167,904,320,397,598,0,0,2243,0,0,0,0,2131,1131,5007,759,3937,615,5469,0,0,393,5180,5208,3824,1144,6277,4162,0,1939,4555,918,0,742,676,621,0,1980,939,0,3539,758,569,273,0,0,1492,0,0,1058,1449,927,561,581,699,608,545,530,0,1025
736,16608,4317,978,4582,668,2167,35030,3840,2222,823,5080,802,0,447,591,0,0,2223,0,0,0,0,2011,1228,4591,952,5319,467,5899,0,0,670,5169,5192,3749,952,5839,3696,0,1756,3823,951,3323,718,793,0,0,1809,878,0,4031,947,0,0,0,0,1483,0,0,1024,1434,0,0,537,854,0,684,518,0,980
707,15135,4435,786,5077,693,1938,38305,3324,1990,724,3855,659,0,452,617,0,0,2392,0,0,0,0,2004,1639,5409,0,4244,409,5718,0,0,746,5436,5467,0,0,4189,0,0,2087,3827,1092,3216,881,624,0,0,2112,718,0,0,633,0,0,0,0,1281,0,0,1138,1241,746,0,545,644,0,707,722,0,1069
780,14961,4213,718,4332,695,1992,37403,3591,2042,713,0,603,373,519,634,0,0,2346,0,0,0,0,2094,1641,5393,0,3593,420,4763,0,0,477,5275,5305,0,652,5352,0,606,2288,4823,955,4858,768,515,561,0,2354,626,3478,0,482,0,416,0,0,1187,561,0,1068,1144,1949,0,538,535,0,569,541,0,1037
724,16103,4804,1193,4124,731,2376,36070,3976,2429,898,5054,974,360,508,635,267,267,2536,267,267,267,267,2190,1601,4889,649,3324,575,3902,0,0,341,5336,5360,3620,1045,6189,0,614,2070,4479,884,4838,815,475,604,0,2111,984,0,3481,649,545,0,0,0,1497,0,0,849,1454,1937,0,690,0,0,770,496,0,816
619,14046,3449,985,3814,568,1866,30822,3696,1912,645,5086,822,305,310,507,0,0,1713,0,0,0,0,1910,1501,4224,673,3426,464,4293,0,0,433,4663,4672,3220,965,5870,0,0,1899,3553,786,3954,632,465,0,0,1947,902,0,3318,672,0,0,0,0,1229,0,0,875,1192,1263,0,413,0,0,0,433,0,838
646,15931,4343,1211,3968,555,2180,31025,3788,2225,792,4721,985,0,489,475,0,0,2292,0,0,0,0,1600,1425,4155,755,3643,543,4254,0,0,443,4538,4564,3711,1006,4515,0,601,2036,3241,745,4275,678,481,0,0,2073,982,0,3806,755,0,0,0,0,1331,0,0,1045,1291,1490,0,570,0,0,596,388,0,1000
681,16410,4391,1345,4802,581,2492,34116,4346,2550,887,5166,1112,319,458,519,0,0,2388,0,0,0,0,2041,1289,4482,932,4565,553,5233,710,0,465,4975,4987,3761,1326,5322,3368,569,2098,3691,877,3719,711,638,0,0,2172,1257,0,3877,928,609,0,0,604,1635,0,552,1207,1584,1151,553,586,661,0,590,422,0,1151
822,16757,4488,1179,4317,702,2428,35508,3942,2491,860,5283,932,386,550,642,0,0,2415,0,0,0,0,2144,1346,4444,1144,4587,488,6021,0,0,456,5284,5314,3644,977,5259,3671,0,2003,3705,959,4128,689,694,0,0,2076,1095,0,3788,1144,0,0,0,0,1817,0,0,1027,1759,951,0,592,775,0,0,406,0,980
709,17787,5460,917,4431,732,2521,38293,3835,2589,906,4072,757,407,718,643,0,0,2973,0,0,0,0,2080,1414,5181,853,4558,475,5876,0,0,500,6044,6068,3576,720,4111,3566,686,2664,3507,1102,3375,839,764,755,0,2717,827,0,0,850,0,0,0,657,1437,0,0,1155,1397,1055,0,645,822,529,642,457,0,1119
646,16144,4932,814,4005,821,2602,36230,3667,2657,800,4370,637,360,692,623,0,0,2816,0,0,0,0,1990,1517,5105,515,4279,430,5907,0,0,489,5690,5709,3191,606,3629,0,525,2831,2902,1017,3431,762,559,593,0,3036,883,0,0,515,0,310,0,504,1174,0,0,1273,1114,1279,0,670,598,495,659,448,0,1219
706,13902,4026,992,3780,683,2070,32156,3901,2105,708,5428,769,316,507,466,0,0,2205,0,0,0,0,2007,1208,4012,766,3272,429,4441,0,0,313,4847,4865,2927,1020,4406,2914,491,1908,2973,866,3010,789,402,546,0,2060,1217,0,3306,763,0,0,0,0,1337,0,0,887,1300,1073,0,530,0,0,527,395,0,834
750,14345,4483,1131,4230,518,2572,28196,2609,2651,754,4908,734,352,715,478,0,0,2519,0,0,0,0,1750,1502,3361,1079,3302,435,5629,0,0,746,5228,5276,2948,683,3488,0,531,1951,2405,477,2380,643,657,0,0,2013,938,0,3007,1073,0,0,0,430,1466,0,0,1008,1401,595,0,652,685,0,0,290,0,932
724,15821,5361,1072,4323,600,2860,29751,2525,2928,782,3974,841,347,792,530,0,0,2995,0,0,0,0,1724,1487,3696,1020,2950,612,6045,0,0,663,5480,5496,3418,659,3128,2525,606,1979,2378,478,5493,749,451,420,517,2034,933,0,2533,1018,0,0,0,473,1799,0,0,1070,1721,3641,0,755,495,0,554,508,2493,1003
741,20677,5834,1421,5096,724,3299,40784,4179,3369,970,4712,1136,344,696,653,292,292,3091,292,292,292,292,1944,1645,4935,984,5248,885,6151,0,0,579,6590,6609,5880,1214,4530,3563,711,2303,0,1064,6364,1088,771,557,0,2366,1292,0,3733,981,0,0,0,619,1684,0,567,1253,1613,3262,0,680,806,0,724,693,3465,1193
729,19719,5545,1246,5920,651,2923,34540,3722,2991,897,4500,1002,318,619,581,298,298,2871,298,298,298,298,1745,1144,4395,914,4399,720,7005,0,0,789,5627,5652,4494,1108,4133,4285,760,2181,0,1173,5542,694,768,0,0,2285,1244,0,3135,912,0,0,0,624,1771,0,0,1101,1715,2500,0,637,805,574,0,533,4258,1030
711,19147,5685,843,5423,764,2851,34566,3040,2956,801,3095,695,344,564,666,303,303,3141,303,303,303,303,1672,1619,4703,663,4161,672,5520,0,0,431,5933,5963,4085,612,4129,3252,777,2067,0,1071,5767,786,619,588,0,2148,778,0,0,658,0,0,0,582,1182,0,700,1350,1140,1242,0,715,647,591,630,404,0,1292
723,18074,5559,782,5435,720,2902,35230,3215,2973,913,2724,634,341,744,662,328,328,3117,328,328,328,328,1878,1541,4614,679,4754,664,5881,0,0,499,5837,5849,4137,680,3845,2861,717,2060,2711,1112,5789,1121,671,587,0,2105,791,0,0,677,0,257,0,590,1277,0,762,1201,1229,1782,0,668,741,535,762,270,0,1139
781,19570,5399,1114,5352,772,2940,36502,3977,3013,969,0,897,372,564,703,316,316,2797,316,316,316,316,1948,1373,5227,968,4810,628,6520,0,0,500,6166,6192,4394,945,5260,4378,803,2362,2899,1091,4937,835,709,607,0,2428,1408,0,2954,964,0,0,0,567,1890,0,578,1160,1831,1560,0,676,761,510,884,338,3271,1112
881,20118,5704,1446,5778,787,3140,35865,5156,3231,916,4028,1197,387,745,720,305,305,3176,305,305,305,305,1922,1345,4762,943,5116,822,6189,0,0,732,5925,5949,4937,1235,4773,4363,766,2332,0,1192,5727,875,724,625,0,2402,2350,0,4004,939,0,0,0,734,1885,0,582,1189,1825,1777,0,758,766,0,843,467,4544,1132
868,20003,5751,1454,6376,798,3115,36849,5292,3205,1019,4557,1179,431,680,713,320,320,3211,320,320,320,320,1965,1147,5703,1019,6375,974,5789,0,0,707,6085,6108,5333,1268,4858,4347,766,2270,0,1309,4097,855,980,589,0,2320,2543,0,4111,1017,0,0,0,735,1552,0,598,1284,1487,1687,0,739,1056,0,816,429,5012,1210
908,17566,4962,1293,5293,687,2527,33997,10259,2618,890,3792,1051,434,515,642,0,0,2676,0,0,0,0,1911,1365,5235,784,5305,845,4586,0,0,485,5616,5644,5240,1202,4483,3281,754,2092,2864,1051,4493,761,717,554,0,2167,4701,0,3627,783,0,0,0,577,1376,0,0,942,1342,1881,0,623,758,526,874,521,5908,897
911,18464,5578,1165,5085,889,2652,35050,8237,2704,910,4372,968,446,531,782,301,301,2887,301,301,301,301,1970,1465,4882,828,4438,740,4677,0,3103,477,5789,5810,4345,993,4360,3728,765,2374,0,1084,3926,931,615,610,0,2446,5705,0,3694,827,0,0,0,619,1784,0,517,1217,1738,1303,0,638,656,0,860,393,7122,1158
818,17673,6466,783,4349,995,2603,34549,4171,2652,892,2622,661,486,691,847,342,342,3147,342,342,342,342,2130,1012,4973,654,4153,594,4707,0,3170,554,5658,5691,4395,627,2701,3254,704,2637,2479,1132,3592,905,562,606,0,2686,1691,0,2553,651,0,0,0,714,1238,0,0,1488,1200,1482,0,649,598,0,912,411,4603,1438
922,16672,5785,671,4678,973,2555,35599,4898,2611,802,0,547,540,601,877,341,341,3050,341,341,341,341,2216,1170,4824,0,3863,536,4712,0,3668,441,5815,5839,3924,512,2622,2474,717,2007,2432,1132,3418,868,528,583,946,2044,2381,0,2643,486,0,0,0,708,1012,0,552,1220,972,1560,0,676,554,0,859,368,4904,1168
780,18337,5221,1237,5266,765,2975,32887,3964,3053,930,2679,1017,418,574,673,327,327,2854,327,327,327,327,2169,859,4398,760,4352,609,4588,0,2776,389,5915,5930,4216,870,3806,2932,684,2164,2922,1109,4336,837,533,483,0,2228,1448,0,3610,758,0,0,0,621,1493,0,764,1490,1435,1776,0,673,557,0,724,365,11598,1450
894,20626,5767,1134,5912,742,3076,33803,3982,3153,986,2681,943,455,560,677,341,341,2869,341,341,341,341,2091,930,4982,1051,5184,630,5672,0,0,798,6152,6167,4547,970,4093,3409,764,2561,2924,1073,4484,912,769,486,0,2629,1689,0,3947,1048,0,0,0,774,1509,0,509,1551,1462,2002,0,615,833,0,600,441,11098,1478
768,18822,5175,1307,5605,1128,2705,33609,5807,2824,1016,2962,1111,442,523,1055,324,324,2628,324,324,324,324,2202,858,4725,960,4903,677,5948,0,2800,593,5770,5794,4161,1174,3944,3493,795,2315,2840,1098,5131,842,572,553,0,2382,3140,0,3914,959,0,0,0,805,1727,0,0,1322,1661,2087,0,580,604,0,639,413,11750,1243
857,18929,5739,1237,7556,936,2859,34019,3832,2950,985,2989,1013,483,669,865,321,321,3003,321,321,321,321,2119,1254,4622,1037,6151,679,5305,0,2996,632,5985,5997,5063,1005,3909,3574,842,2437,2690,1038,3827,1235,903,664,0,2508,1506,0,3805,1037,0,0,0,613,1584,0,791,1608,1514,1639,0,687,998,0,645,436,10412,1525
873,17466,5467,1207,5687,999,2667,35005,3601,2786,792,3250,991,485,562,942,341,341,2555,341,341,341,341,2286,1028,4719,964,4691,772,8691,0,2706,732,5873,5889,3987,954,3636,3220,769,2195,0,1110,3925,900,781,534,0,2242,1519,0,4689,962,0,0,0,676,2277,0,514,1379,2219,1696,0,592,800,0,689,431,10706,1304
762,17166,4996,721,4752,1051,2809,33594,3218,2891,857,2640,589,506,620,967,338,338,2600,338,338,338,338,2267,1094,4802,721,4443,452,9905,0,2785,1283,5589,5615,2936,488,3035,2154,640,1979,0,990,4221,686,566,600,0,2059,1305,0,2639,716,0,0,0,617,3828,0,561,1263,3684,2251,0,677,601,0,867,351,7367,1211
829,18274,5631,618,5174,1197,2912,36179,2949,3015,876,2126,498,521,624,1098,340,340,3093,340,340,340,340,2627,1097,4534,666,4886,445,8122,0,2806,720,5889,5912,3546,539,2561,2738,789,2152,2032,1085,3825,832,708,724,0,2375,1081,0,2588,666,0,0,0,651,2261,380,467,1502,2184,1764,0,695,790,0,773,424,7399,1441
878,21915,5313,1192,5192,759,3426,41196,4487,3530,1746,4599,921,569,463,664,355,355,2592,355,355,355,355,2734,1034,5416,1087,4282,722,7481,0,0,1287,7133,7164,4459,1120,3785,4301,799,2467,0,2713,3628,1039,579,654,0,2548,1792,0,4100,1085,0,0,0,731,3436,0,515,1588,3278,1473,0,604,632,0,843,496,11530,1507
943,19470,5014,1231,5025,930,3120,36683,4856,3197,974,3874,1017,517,517,863,332,332,2681,332,332,332,332,2326,1193,4886,977,4453,1116,5179,0,0,709,6397,6420,5186,1056,3478,3732,639,2197,0,1254,2952,934,686,541,0,2260,2461,0,4022,975,0,0,0,793,2822,0,683,1243,2700,1186,0,683,712,0,822,575,10623,1182
913,20660,5522,1452,4749,809,2998,39991,4360,3113,1808,4636,1204,523,502,738,330,330,2864,330,330,330,330,2770,1348,4759,812,3508,907,5013,0,3092,614,6949,6995,4881,1143,4012,5592,752,1931,0,1743,5256,857,527,577,0,1993,2162,0,3698,810,0,0,0,697,1724,0,588,1293,1649,2090,0,733,539,0,891,562,10837,1209
1007,20887,6166,1576,7565,886,3183,49626,4315,3252,1160,4940,1302,581,713,818,365,365,3285,365,365,365,365,3464,1748,4856,1432,4298,795,5226,0,4142,608,8788,8818,5782,1584,4038,4176,902,2406,0,1325,7302,851,604,703,0,2480,2189,0,5667,1429,0,0,0,655,1553,0,621,1484,1494,4038,0,905,654,0,1135,509,11656,1391
1044,18452,5693,1510,4820,834,2735,43898,3772,2804,925,3930,1255,641,550,762,322,322,2804,322,322,322,322,3141,1585,4871,835,3990,730,5637,0,4116,684,7972,7997,5031,1339,3640,3403,789,2326,0,1115,7603,960,691,676,0,2436,1628,0,4495,828,0,0,0,636,1550,0,513,1235,1484,3680,0,778,770,0,1152,573,10770,1167
839,16634,5468,761,3952,765,2496,37042,2897,2553,759,2559,635,546,703,703,327,327,2865,330,330,330,330,2524,1362,4180,580,3797,637,4584,0,3889,541,7343,7363,4075,591,2385,2241,823,2573,0,1061,5777,777,664,528,0,2638,1122,0,5620,577,0,0,0,676,1277,0,425,1212,1160,2773,0,732,730,0,1190,463,7216,1142
952,16769,5828,644,4187,800,2519,37523,2685,2573,717,1982,535,566,750,749,353,353,3282,356,356,356,356,2253,2271,4546,667,3499,482,3872,0,3241,377,7226,7259,3721,492,2221,2431,786,2788,1820,1054,4939,854,489,642,0,2855,939,0,4261,664,0,0,0,537,1317,0,518,1176,1279,2748,0,691,518,0,1182,420,7151,1110
1094,19633,6513,1312,4757,823,3207,45547,3708,3298,1044,3778,1105,668,842,736,342,342,3632,342,342,342,342,2809,1883,5491,933,3963,762,3926,0,3984,413,8476,8523,4801,1090,3466,3242,809,3041,0,1120,7359,1001,560,660,0,3150,1237,0,5929,931,0,0,0,575,1655,0,626,1343,1592,4188,0,811,588,0,1351,597,11624,1283
1075,20506,5952,1297,4991,810,3545,47626,3884,3649,934,4408,1063,615,688,717,333,333,3203,334,334,334,334,2774,2011,6272,961,4039,760,4148,0,3727,603,8971,9004,4842,1129,3591,5241,813,3594,0,1041,6376,1094,694,623,0,3737,1669,0,5136,958,0,0,0,600,1746,0,989,1215,1674,3831,0,834,729,0,1290,785,10410,1119
1166,20188,6184,1357,5057,854,3277,43821,3674,3383,944,4858,1097,664,712,773,335,335,3441,335,335,335,335,2661,2337,5285,887,3965,705,4574,0,4215,573,8694,8754,4806,1210,3832,5052,743,3568,0,1091,7001,1340,522,595,0,3709,1542,0,4217,886,0,0,0,799,1656,0,558,1460,1597,4483,0,921,564,0,1445,664,9881,1367
1098,20064,6608,1320,5846,742,3120,43269,3353,3243,1150,3403,1056,695,687,682,334,334,3466,335,335,335,335,2666,2030,5038,801,3957,900,3532,0,3374,385,8321,8351,6395,1273,3674,4301,810,3412,0,1012,4214,849,646,623,0,3710,1266,0,4136,801,0,0,0,592,1521,0,507,1378,1473,2170,0,836,700,0,1311,578,10344,1301
1089,22495,6406,1217,5521,825,4073,46300,3418,4212,1265,3384,972,717,651,724,356,356,3076,362,362,362,362,2760,2158,5857,844,3891,1090,6000,0,4861,458,8576,8605,6117,1041,3216,3609,1021,2732,0,1083,3771,1066,561,662,0,2917,1327,0,3993,843,0,0,0,667,1421,0,627,1286,1370,1794,0,770,583,0,1709,686,10140,1203
1246,19869,6015,721,5187,969,3329,46090,2577,3427,1021,2251,567,867,729,841,338,338,3140,339,339,339,339,3061,1689,6920,656,4305,817,4607,0,4459,349,7949,7981,5060,514,0,2898,868,2461,0,1061,3624,938,741,590,0,2562,849,0,2741,656,0,0,0,604,1115,0,571,1314,1073,1415,0,733,792,0,1626,701,7096,1247
1015,16350,5213,561,5447,792,2620,39917,2423,2676,730,0,457,647,544,691,350,350,2651,351,351,351,351,2442,1570,4878,570,3685,618,4291,0,3630,640,6651,6688,4007,408,0,2360,804,2256,0,1124,3645,920,494,757,0,2340,796,0,2318,570,0,0,0,523,1063,0,480,1043,1021,2038,0,597,535,0,1104,436,6184,991
1043,21182,6134,1293,6029,850,3599,52214,3268,3724,1089,3535,1032,568,743,723,341,341,3127,342,342,342,342,3048,1924,6080,857,4430,984,4476,0,4033,554,9356,9398,5419,1102,3884,3551,819,2803,0,1300,7380,1029,661,685,0,2962,1233,0,4092,854,0,0,0,690,1623,0,530,1379,1571,4556,0,770,700,0,1373,498,10108,1309
1077,19844,5956,1232,4836,941,3164,48306,3631,3261,973,3628,958,605,647,835,326,326,3051,328,328,328,328,2965,1562,5660,983,3498,884,3998,0,3741,485,9174,9191,4942,1095,3657,3570,738,2842,0,1071,4892,844,500,715,0,2947,1474,0,4013,982,0,0,0,602,1488,0,554,1278,1427,2169,0,800,529,0,1293,692,9402,1189
1132,19121,5637,1205,4156,737,3218,50104,3172,3323,899,3534,991,621,656,625,329,329,3014,332,332,332,332,2848,2509,5944,840,3793,678,3869,0,4926,421,9531,9566,4567,1025,3603,3513,938,2960,0,978,5874,1104,604,577,0,3091,1150,0,3767,838,0,0,0,532,1286,0,441,1381,1243,2775,0,834,645,0,1515,647,8554,1315
1255,19401,6273,1165,5003,992,3398,60019,3509,3491,956,6386,894,719,743,891,316,316,3282,317,317,317,317,3762,2658,6890,760,3964,678,3479,0,5455,331,12687,12727,4479,1130,3299,3943,816,4183,0,1067,5085,1098,603,836,0,4350,1327,0,3933,757,0,0,0,645,1472,0,0,1433,1395,2437,0,918,665,0,2048,873,8731,1364
1248,18425,5565,1103,5021,870,3189,59672,3093,3270,969,5707,746,728,632,775,320,320,2972,320,320,320,320,3658,3002,6852,626,3305,596,3178,0,5634,410,11589,11629,4511,810,2940,3188,793,3447,0,1070,4475,1205,412,969,0,3666,1046,0,3241,622,0,0,0,595,1401,0,676,1215,1330,1878,0,778,0,0,1940,788,8323,1158
1245,18157,5983,614,3877,850,2929,56914,4806,3014,890,3735,486,844,652,775,294,294,3264,295,295,295,295,3456,3052,6264,553,3126,581,4135,0,5044,276,10192,10240,4493,547,0,2469,835,3554,0,1160,3189,967,452,812,0,3728,2805,0,0,551,0,0,0,601,1125,0,488,1402,1082,1212,0,822,481,0,1721,893,7072,1344
1056,17084,5288,629,4439,840,2868,51644,2473,2932,763,2787,489,627,592,775,321,321,2767,322,322,322,322,3274,2552,5442,533,3838,605,3970,0,4405,382,9325,9373,4213,409,0,2318,677,2721,0,1204,3249,883,593,739,0,2860,791,0,0,532,0,0,0,500,1065,0,409,1245,1023,1404,0,656,662,0,1789,762,6487,1196
1066,19039,5873,1290,4568,826,3150,51316,3256,3231,994,4054,1047,599,641,778,294,294,3061,295,295,295,295,3304,1639,5431,783,3978,694,3068,0,5204,446,9962,10002,4411,958,3179,3242,837,2729,0,1456,3955,812,638,850,0,2840,1249,0,3842,782,0,0,0,567,1538,0,461,1245,1487,1629,0,814,688,0,1852,852,8583,1196
912,17034,5211,1091,4331,637,2849,45973,2864,2909,876,4321,864,500,594,591,304,304,2784,304,304,304,304,2591,1973,5064,711,3337,570,2849,0,5108,393,9520,9544,3839,920,3077,3080,666,2814,0,1105,3322,696,503,610,0,2929,984,0,2955,710,0,0,0,503,1226,0,494,1211,1181,1167,0,645,525,0,1437,614,7355,1144
1053,17243,5721,1049,4881,881,2858,51979,3183,2947,878,4574,872,656,591,812,309,309,2857,311,311,311,311,2828,2137,5995,664,3576,859,3230,0,5084,397,10266,10299,4689,878,3300,3171,847,2677,0,1165,3470,1015,595,696,660,2833,1173,0,3274,662,0,0,0,631,1302,0,562,1280,1243,965,0,590,621,0,1716,660,5489,1208
1362,16997,5402,1073,4900,864,2678,58712,2932,2811,901,4345,882,800,549,784,293,293,2694,297,297,297,297,3570,3070,7847,781,3738,632,3057,0,4923,404,11261,11295,4157,810,2989,3063,869,3539,0,1197,3339,1451,690,699,0,3715,874,0,3324,781,0,0,0,503,1332,0,684,1376,1268,1102,0,667,765,0,1869,759,5492,1325
1262,18339,5765,1084,4444,1120,3016,50585,3233,3115,877,2935,938,767,571,824,326,326,2947,329,329,329,329,2966,1793,5616,811,3707,909,4293,0,4007,348,9878,9911,5301,712,2627,3449,845,3282,0,1255,3366,918,598,672,0,3428,1222,0,3010,810,0,0,0,628,1343,0,463,1570,1265,984,0,690,656,0,1605,1116,3319,1476
978,16287,5375,585,3963,894,2741,42806,2365,2871,811,0,455,617,674,785,336,336,2900,338,338,338,338,2488,2432,4622,565,3037,689,3132,0,3659,238,8214,8240,4136,424,0,2328,809,3098,0,1097,2627,731,544,564,0,3219,680,0,0,562,0,0,0,523,852,0,410,1139,829,820,0,716,575,621,1303,586,0,1077
1038,18416,5855,648,5135,859,3040,50978,2773,3130,963,0,539,696,789,771,378,378,3267,378,378,378,378,2878,2452,5277,537,5083,712,3373,0,3606,470,10787,10821,4323,0,2305,2420,830,2739,0,1235,3333,851,978,772,0,2853,1055,0,2341,534,0,0,0,618,1027,0,497,1309,982,1163,0,873,1050,494,1254,557,0,1258
1036,16483,4839,861,4173,669,2835,45527,3138,2933,892,0,676,457,553,623,278,278,2501,279,279,279,279,2917,1780,4555,692,3489,613,4069,0,3134,371,9091,9121,3994,691,2807,2699,703,3109,0,1054,0,760,661,654,0,3197,1275,0,2890,692,0,0,0,512,1498,0,0,957,1397,715,0,663,704,0,1093,721,0,901
881,16043,5123,946,4605,716,2660,45357,3421,2723,825,3566,759,502,612,636,0,0,2700,0,0,0,0,2832,1481,5007,700,3351,636,7418,0,3290,303,9328,9353,4123,804,3045,0,691,2804,0,1198,3641,785,574,0,0,2940,1446,0,3643,700,0,0,0,551,1729,0,0,1159,1649,1176,0,624,605,0,1679,694,0,1087
1027,17017,5768,1013,4264,835,2768,54565,3701,2867,966,4945,791,582,643,770,321,321,3142,323,323,323,323,3518,2899,5672,687,0,707,3844,0,3495,305,10586,10625,4463,793,3487,0,767,2715,0,1099,3511,945,448,654,0,2910,1265,0,3355,685,0,0,0,830,1615,0,535,1198,1547,1257,0,788,0,0,1411,643,3456,1141
1077,18301,6114,972,4416,811,3131,48285,3275,3242,892,4192,748,638,691,724,337,337,3122,338,338,338,338,2864,1719,5601,768,2861,843,2974,0,3817,340,9349,9373,4869,767,3280,3195,992,2682,0,1272,3322,871,451,631,0,2829,1249,0,3542,767,0,0,0,671,1502,0,536,1185,1458,952,0,773,467,0,1202,782,2889,1137
1169,17981,6024,871,4605,822,3044,49294,3021,3154,867,3496,675,759,758,715,336,336,3044,338,338,338,338,3108,2005,5873,719,3489,727,2903,0,4059,339,10301,10323,4941,722,2880,3061,880,3160,0,1234,2907,1080,539,614,0,3332,1013,0,3088,718,0,0,0,624,1368,0,474,1380,1325,743,0,759,559,0,1251,692,2602,1310
848,12485,3992,496,2864,735,2151,36085,2132,2243,600,2925,400,458,453,658,308,308,2009,310,310,310,310,2138,1453,4195,407,2825,560,1946,0,2349,218,7507,7526,3434,0,0,2426,602,2065,0,1028,2071,698,431,418,0,2239,535,0,1927,407,0,0,0,468,998,0,0,740,967,746,0,571,460,395,1030,443,0,707
1051,16011,5204,526,4272,830,2668,49607,2690,2753,722,3478,421,668,677,760,351,351,2829,356,356,356,356,2709,2786,6919,486,3421,744,2453,0,2692,416,10183,10206,4421,0,0,2448,732,3799,0,1198,2696,1150,657,624,0,4036,509,0,0,486,0,0,0,512,942,0,614,1004,886,890,0,773,724,507,1434,594,0,956
981,17536,5313,736,4551,653,3091,47953,3269,3183,958,3929,566,562,670,569,314,314,2797,314,314,314,314,2806,1738,5398,797,3950,767,0,0,3599,406,9464,9492,4757,621,2969,3034,732,2889,0,1207,3693,852,802,587,0,3050,797,0,3803,795,0,0,0,532,1365,0,571,1131,1301,1139,0,681,864,0,1425,736,0,1069
935,17295,5326,853,4699,708,3000,45276,3609,3104,1007,3929,592,527,590,640,307,307,2739,307,307,307,307,2725,1455,5170,650,3969,973,2990,0,2976,361,9461,9492,5107,686,3342,3319,756,2446,0,1242,4354,810,837,573,0,2583,741,0,3473,649,0,0,0,609,1350,0,495,1188,1304,1620,0,617,867,0,1493,586,0,1128
930,15496,5063,825,4102,821,2571,40761,2807,2668,875,3114,613,471,564,755,310,310,2556,310,310,310,310,2567,1311,4932,635,3337,831,3136,0,2616,352,7993,8015,4851,789,3102,3043,717,2288,0,1139,3583,810,539,647,0,2406,763,0,3193,634,0,0,0,560,1144,0,0,1294,1095,1031,0,588,579,0,1618,755,0,1211
1063,17825,5588,862,4682,883,2951,47096,2725,3089,946,3395,650,530,601,793,329,329,2943,331,331,331,331,3142,1221,5492,614,3704,857,3639,0,2866,462,9414,9442,5010,689,3232,3635,833,2651,0,1271,4113,918,615,603,0,2779,644,0,3459,610,0,0,0,620,1335,0,479,1360,1271,927,0,754,638,0,1846,810,0,1300
-1,17943,5818,-1,4086,-1,-1,49330,2689,-1,-1,4358,-1,-1,-1,-1,-1,-1,-1,-1,-1,-1,-1,-1,-1,-1,-1,3110,-1,3369,0,0,-1,-1,-1,5080,-1,2654,2856,-1,-1,0,-1,3862,-1,-1,-1,0,-1,-1,0,3007,-1,0,0,0,-1,-1,0,-1,-1,-1,-1,0,-1,-1,0,-1,-1,0,-1
868,14614,4962,483,3416,791,2279,39332,2137,2343,688,1938,387,494,446,722,331,331,2456,334,334,334,334,2072,1360,4617,516,2793,698,2403,0,1988,305,7136,7160,3907,0,0,2311,688,2267,0,1089,2675,827,467,421,0,2363,492,0,2154,515,0,0,0,514,986,0,0,1164,928,579,0,654,493,0,1404,386,0,1090
930,14504,4954,436,3643,803,2254,41520,0,2323,661,0,337,495,508,717,360,360,2616,362,362,362,362,2193,1439,5130,423,3346,680,2214,0,2642,356,7680,7701,3790,0,0,2145,741,2551,0,1220,3430,933,715,479,0,2641,458,0,2232,417,0,0,0,548,849,0,0,1154,815,881,0,698,741,0,1221,581,0,1098
965,17008,5424,747,4912,897,2839,40598,2615,2997,892,2821,587,445,607,833,338,338,2810,341,341,341,341,2282,1324,4950,680,3397,668,3920,0,2842,399,7800,7834,4267,627,2494,2984,731,2622,2516,1439,3116,867,524,501,0,2724,648,0,3354,680,0,0,0,513,1328,0,0,1266,1281,764,0,660,562,0,1303,616,0,1210
1079,17794,5864,916,5029,729,2807,39032,0,3005,940,0,706,634,618,656,338,338,3009,338,338,338,338,2643,1078,4686,710,4310,860,3449,0,0,376,7888,7925,4733,712,3042,3020,774,2788,0,1293,3510,805,698,505,0,2919,641,0,3413,708,0,0,0,653,1409,0,473,1390,1359,789,0,812,751,0,1364,546,0,1301
998,19235,6023,1006,4775,949,3062,42075,0,3217,964,0,700,488,607,843,344,344,3019,345,345,345,345,2378,1168,5153,884,3649,838,3730,0,0,315,7918,7943,4927,696,2761,3967,859,2824,2693,1312,3193,744,547,546,0,2921,639,0,3259,882,0,0,0,613,1313,0,471,1545,1250,710,0,826,586,0,1141,631,0,1462
951,19714,6676,820,4924,838,3391,46240,2524,3573,936,2658,610,490,879,668,265,265,3429,267,267,267,267,2573,1592,4967,725,3533,845,3045,0,2650,342,8213,8245,5734,622,2609,3275,871,2655,2489,1323,3389,827,493,570,0,2759,599,0,3355,724,0,0,0,638,1517,0,0,1621,1469,681,0,837,513,0,1090,627,0,1514
906,17865,6114,752,4409,761,2780,39602,0,2969,894,2719,568,464,662,694,294,294,3072,295,295,295,295,2205,1201,4665,576,3157,860,3107,0,0,342,7373,7396,5494,527,2505,3168,786,2469,2622,1291,3121,826,410,513,0,2582,518,0,2932,575,0,0,0,588,1337,0,483,1378,1291,822,0,705,0,0,1143,603,0,1285
759,14318,5191,461,3720,693,2310,32940,0,2455,672,0,369,468,546,594,284,284,2635,286,286,286,286,1887,1206,4029,384,3050,559,2686,0,2038,329,6297,6332,3869,0,0,2370,709,1867,2150,1059,3272,683,500,511,0,1938,0,0,0,383,0,0,0,527,1035,0,358,1121,995,1069,0,635,539,0,982,548,0,1050
844,14014,4769,404,3880,830,2524,32809,0,2630,645,0,318,561,681,738,299,299,2573,301,301,301,301,1865,1374,4018,0,2910,548,2252,0,1781,399,6251,6267,3515,0,0,2294,669,1989,2104,1332,2509,715,477,473,0,2063,397,0,1836,333,0,0,0,487,702,0,0,1045,668,664,0,572,533,0,851,423,0,987
825,16870,5435,818,4682,642,2873,38709,2658,3022,944,0,643,525,664,589,0,0,2768,0,0,0,0,2262,1338,4386,564,3100,738,0,0,0,339,8605,8645,5284,517,2753,3074,735,2401,0,1272,3571,779,543,0,0,2562,655,0,3036,564,0,0,0,565,1239,0,0,1020,1186,1257,0,639,580,0,1036,762,0,969
844,16075,5728,624,4593,648,2734,32784,0,2862,925,0,442,450,642,566,295,295,2839,296,296,296,296,2157,906,4316,557,3222,759,0,0,0,289,6200,6222,4643,516,0,3155,801,3008,2719,1130,4225,709,502,0,0,3199,533,0,2715,556,0,0,0,548,1420,0,527,1284,1337,1776,0,663,534,0,843,557,0,1218
853,16149,5432,725,5452,607,2639,36562,0,2788,757,0,530,483,541,543,316,316,2775,319,319,319,319,2248,1116,4778,698,4156,704,3211,0,0,335,6767,6790,4370,595,0,2934,749,2654,0,1107,5256,748,857,0,0,2813,634,0,3043,695,0,0,0,589,1271,0,508,1461,1214,2352,0,686,886,0,1200,586,0,1411
708,15256,5617,660,4062,593,2274,34794,0,2420,789,0,519,421,604,523,294,294,3004,296,296,296,296,1940,1017,4539,572,3634,681,2953,0,0,328,6848,6868,4021,0,0,3002,732,2566,0,1161,5905,662,757,0,0,2662,526,0,2986,572,0,0,0,496,1197,0,0,1389,1147,1836,0,719,807,491,1265,610,0,1326
933,15583,5581,526,3976,686,2608,36829,0,2757,728,0,406,577,587,621,253,253,2860,253,253,253,253,2304,1825,4210,597,4355,800,2635,0,0,296,6744,6772,4730,440,0,3419,735,2615,0,1130,3487,662,839,409,0,2755,502,0,2450,596,0,0,0,536,1264,0,435,1278,1203,1111,0,711,891,0,1038,481,0,1218
739,14298,4767,0,3900,771,2382,31528,0,2544,710,0,256,499,532,668,279,279,2437,280,280,280,280,1811,1389,3435,497,3654,653,2720,0,0,465,6139,6160,3927,0,0,2260,688,1966,1946,937,2192,481,736,361,0,2073,376,0,0,496,0,0,0,532,837,0,397,1218,791,604,0,524,785,0,837,438,0,1158
563,13150,4728,407,3764,622,2039,33669,0,2148,597,2312,350,324,525,521,279,279,2369,280,280,280,280,1675,1086,4067,0,3239,651,2114,0,0,376,6011,6030,3646,0,0,2049,655,1953,0,945,2893,634,631,0,0,2068,0,0,0,353,0,0,0,587,670,0,412,1151,642,944,0,536,663,0,712,440,0,1109
754,15725,5446,649,4314,730,2625,34433,2967,2764,764,2372,450,447,569,644,303,303,2791,304,304,304,304,1923,1112,4008,650,3202,732,2397,0,0,427,6775,6794,4256,0,2445,3049,713,2513,0,996,2947,634,491,0,0,2621,516,0,2918,649,0,0,0,616,1331,0,481,1177,1292,943,0,662,542,0,1071,527,0,1125
722,15020,5479,693,4526,581,2392,33712,2386,2543,794,2319,556,404,557,509,288,288,2898,290,290,290,290,2055,956,3931,601,3209,744,2606,0,0,328,6576,6587,4140,509,2636,2598,669,2246,2551,1236,4340,673,533,501,0,2387,480,0,2881,601,0,0,0,594,1687,0,0,1344,1623,1588,0,725,583,0,1089,501,0,1286
717,15152,5570,718,4448,505,2388,31355,0,2550,765,2182,548,383,635,446,289,289,2873,292,292,292,292,1720,868,3914,621,3186,673,2424,0,0,309,5842,5858,4149,441,2651,2507,700,2221,0,1117,4740,604,463,469,0,2372,534,0,2735,621,0,0,0,513,1467,0,0,1260,1408,1181,0,680,495,0,837,415,0,1195
758,15946,5480,881,5328,641,2229,32864,0,2379,848,0,702,472,580,569,310,310,2730,314,314,314,314,2065,868,3905,644,3630,752,2554,0,0,508,6231,6247,4476,481,2508,2633,819,2128,0,1225,3619,681,652,444,0,2273,554,0,2786,643,0,0,0,582,1186,0,468,1347,1131,825,0,639,708,0,774,478,0,1290
670,17801,5614,667,5785,552,3563,33651,0,3677,932,0,507,398,585,474,276,276,2753,279,279,279,279,1988,830,3767,576,4098,1365,2579,0,0,403,6527,6548,7778,448,2358,2347,815,2370,2361,1214,3047,666,653,0,0,2456,471,0,2586,575,0,0,0,561,1138,0,429,1394,1094,762,0,735,701,0,788,531,0,1338
579,12816,4214,371,8915,560,1851,26332,1685,1967,572,0,295,362,439,519,0,0,2115,0,0,0,0,1476,790,3318,421,3771,539,5539,0,0,1097,4602,4615,3248,0,0,2152,602,1822,1855,1091,1786,583,789,333,0,1907,366,0,0,420,0,0,0,480,1294,0,0,985,1240,400,0,507,844,374,705,335,0,943
660,14210,4550,0,6469,535,2706,32969,1893,2847,715,0,257,372,739,479,0,0,2530,0,0,0,0,1827,804,3468,0,3126,557,4088,0,0,864,5837,5854,3672,0,1732,1748,605,1768,1838,1016,1786,632,495,424,0,1874,0,0,0,316,0,0,0,459,945,0,360,903,890,470,0,580,533,0,714,389,0,865
668,17655,5633,714,5715,550,3356,34344,2201,3515,924,0,521,386,765,480,0,0,3053,0,0,0,0,1903,1068,3738,627,3839,773,3069,0,0,598,6425,6443,4815,459,2707,2174,720,2269,0,1156,2708,835,687,406,0,2411,511,0,2671,624,0,0,0,497,1283,0,418,1198,1233,711,0,716,739,0,760,481,0,1151
771,17697,5991,677,4925,542,3039,40757,2664,3204,932,0,529,430,702,488,0,0,3148,0,0,0,0,2005,2082,4787,823,3210,833,3080,754,0,449,8310,8338,4786,482,2402,2539,755,2585,2834,1186,2590,678,505,484,0,2774,548,0,3186,822,0,0,0,699,1364,0,484,1339,1302,695,0,695,540,0,743,604,0,1266
756,15697,5244,683,4161,636,2504,31390,2057,2640,775,0,542,453,594,572,0,0,2646,0,0,0,0,1659,1164,4298,789,3179,690,2920,0,0,380,5690,5719,4269,535,2500,2394,714,2330,2369,1183,2349,727,394,418,0,2478,444,0,2443,789,0,741,0,600,1461,0,466,1319,1390,496,0,639,433,0,1070,529,0,1273
772,15383,5378,632,4459,634,2301,31894,0,2435,830,0,523,445,592,547,0,0,2718,0,0,0,0,1723,975,4107,981,3045,825,4881,0,0,337,6455,6485,4752,416,2438,2471,681,2786,2565,1205,2525,872,482,0,0,2971,538,0,2674,981,0,0,0,608,1367,0,510,1522,1313,766,0,665,515,0,993,459,0,1455
605,15586,5672,643,4061,605,2477,29678,0,2602,749,0,490,384,593,535,0,0,2968,0,0,0,0,1507,1057,3920,569,2931,764,2280,0,0,317,5850,5873,4740,353,2018,2529,657,2360,2497,1073,2409,654,472,358,0,2482,427,0,2361,567,0,0,0,519,1026,0,410,1324,968,655,0,853,486,0,638,338,0,1260
553,12565,4306,353,3208,516,2284,23232,1508,2384,641,0,215,305,448,454,0,0,2164,0,0,0,0,1263,1140,3023,314,2702,494,1797,0,0,274,4097,4122,3164,0,0,2348,620,1964,1966,862,1462,513,384,326,0,2026,358,0,0,311,0,0,0,558,724,0,356,892,686,504,0,546,401,263,502,351,0,850
663,11887,4209,355,3358,633,1908,25085,1612,2017,600,0,244,419,528,571,0,0,2299,0,0,0,0,1444,867,3238,331,2924,616,1678,0,0,340,4905,4931,3332,0,0,1679,588,2019,2119,1138,1706,563,425,345,0,2150,327,0,0,331,0,0,0,626,835,0,390,1046,795,465,0,524,502,0,481,317,0,995
733,14912,5709,534,4093,619,2393,31537,2348,2526,833,0,401,443,668,498,0,0,2850,0,0,0,0,1805,993,3772,503,3166,668,0,0,0,315,6453,6461,4493,401,2523,2244,876,2535,2780,1144,2960,615,516,0,0,2635,462,0,2600,501,0,0,0,607,1077,0,475,1179,1040,818,0,748,695,0,592,501,0,1127
836,15109,5616,778,4168,651,2327,31789,2267,2461,772,0,448,537,630,577,0,0,2790,0,0,0,0,1930,961,3904,534,2954,633,2068,0,0,366,6354,6378,4042,511,2227,2419,725,2365,2723,1290,2415,668,418,379,0,2479,416,0,3124,530,0,0,0,548,1027,0,407,1296,977,742,0,684,468,0,609,571,0,1227
718,14689,5401,654,3649,693,2391,29889,2163,2518,697,0,473,465,633,620,0,0,2626,0,0,0,0,1671,928,3748,542,2923,734,2200,0,0,320,5905,5935,4333,473,2062,2399,712,2427,2512,1261,2184,653,383,0,0,2553,544,0,3072,538,0,0,0,558,1189,0,363,1363,1130,665,0,600,434,0,551,574,0,1308
619,14130,5346,567,3723,656,2115,27251,1827,2242,733,0,440,394,605,596,0,0,2769,0,0,0,0,1472,851,3557,500,2910,609,1683,0,0,216,5117,5142,3948,408,1852,1947,711,2059,2422,1240,1886,726,429,302,0,2145,480,0,2568,489,0,0,0,552,952,0,299,1593,905,624,0,765,459,0,512,594,0,1534
686,14484,5382,487,3735,682,2250,29576,2041,2375,768,0,363,456,660,606,0,0,2680,0,0,0,0,1832,973,3507,494,2773,597,2031,0,0,231,5997,6016,4344,343,2131,2422,688,2141,2436,1279,2050,667,481,318,0,2219,530,0,2505,494,0,0,0,600,1049,0,0,1388,1015,742,0,578,515,0,500,399,0,1307
636,11780,4545,332,3802,767,1889,25438,1741,1981,587,0,250,471,588,681,0,0,2348,0,0,0,0,1519,829,3356,294,3259,485,1725,0,0,275,4686,4701,3092,0,0,1640,537,1918,2046,1154,1690,510,545,0,0,1985,334,0,1588,294,337,0,0,456,675,0,0,1151,636,567,0,520,577,0,486,383,0,1105
644,11218,4307,0,3707,534,1842,24205,1816,1963,502,0,0,416,583,470,0,0,2174,0,0,0,0,1411,734,3131,384,3512,471,0,0,0,301,4477,4500,2992,0,0,1642,556,1898,1653,1028,1919,428,690,0,0,1965,0,0,0,383,0,0,0,465,557,0,330,1075,530,814,0,430,735,0,525,291,0,1037
718,14595,5381,503,4664,668,2254,29312,2068,2399,806,0,363,429,611,578,0,0,2681,0,0,0,0,1728,818,3613,516,3740,681,0,0,0,290,5703,5715,4301,375,2242,2495,649,2238,2469,1270,2926,625,534,0,0,2366,433,0,2537,516,0,0,0,552,1059,0,383,1222,1013,617,0,569,576,0,775,542,0,1158
722,16195,5694,552,4118,498,2339,32990,2157,2454,848,0,420,417,721,446,0,0,3061,0,0,0,0,1669,1036,3657,568,3288,648,0,0,0,236,8444,8468,4313,389,2658,2693,666,2382,2371,1262,2517,750,642,0,0,2506,562,0,2305,565,0,0,0,573,1216,0,0,1251,1133,536,0,648,686,0,772,860,0,1196
845,14302,5078,520,3702,635,2281,29870,1858,2405,645,0,373,389,625,569,0,0,2571,0,0,0,0,1640,764,3539,547,2995,603,0,0,0,232,5640,5652,4112,375,2382,2233,613,2584,1978,1318,1871,653,478,365,0,2730,504,0,2000,547,0,0,0,562,1077,0,0,1284,1026,414,0,549,514,0,599,423,0,1193
963,14211,5122,561,4424,686,2236,30326,2106,2353,720,0,436,447,554,583,0,0,2514,0,0,0,0,1875,837,3851,522,2952,606,0,0,0,0,6126,6144,4231,412,2277,2439,648,2720,3280,1206,2159,656,532,0,0,2840,653,0,2253,522,0,0,0,704,1045,0,0,1300,998,0,0,609,559,0,704,380,0,1252
752,13886,5266,512,3353,622,2108,29656,1902,2226,768,0,343,400,562,542,0,0,2645,0,0,0,0,1772,792,3568,434,2710,616,0,0,0,0,5772,5788,4209,0,2097,2255,605,2553,2467,1147,1964,658,405,0,0,2680,457,0,1852,433,0,0,0,559,845,0,0,1099,804,371,0,549,429,0,777,421,0,1045
513,10870,4133,319,3054,621,1667,25722,1591,1758,584,0,0,356,475,552,0,0,2141,0,0,0,0,1272,856,3118,0,2735,343,1430,0,0,223,4821,4832,3175,0,0,1609,512,2143,1679,982,1906,543,421,0,0,2231,428,0,0,283,0,0,0,375,659,0,307,980,624,691,0,494,440,0,499,380,0,944
514,11291,4145,0,3118,578,2043,27325,1764,2130,520,0,0,330,644,497,0,0,2210,0,0,0,0,1442,932,3174,0,2700,479,1496,0,0,0,4992,5008,3215,0,0,1672,588,1579,2557,863,1643,524,437,0,0,1680,343,0,0,231,0,0,0,415,592,0,0,1010,570,562,0,434,521,0,485,349,0,965
668,14799,5043,586,3526,509,2330,31816,1898,2468,765,0,394,345,505,465,0,0,2404,0,0,0,0,1752,746,3631,505,3056,744,0,0,0,0,6316,6346,4709,365,0,1948,619,2210,2184,1155,1993,595,491,0,0,2332,401,0,1883,505,0,0,0,504,1073,0,399,1082,1029,603,0,566,534,0,673,340,0,1040
486,11981,4393,432,3022,485,1994,23937,1721,2099,554,0,312,303,466,446,0,0,2127,0,0,0,0,1226,630,2950,408,2658,447,1741,0,0,227,4555,4578,3390,358,1728,1900,555,1702,1673,1024,1790,548,409,0,0,1802,418,0,1618,408,0,0,0,438,959,0,328,1006,922,571,0,491,441,0,536,317,0,944
590,13897,5247,641,3585,584,2034,27326,2292,2159,737,0,480,336,465,503,0,0,2540,0,0,0,0,1528,804,3415,520,2947,481,0,0,0,0,5430,5454,3675,444,0,2491,720,1962,0,1131,2205,690,450,0,0,2075,577,0,2458,519,0,0,0,471,1027,0,0,1192,972,646,0,652,482,0,504,347,0,1125
566,13427,5227,570,3539,727,2073,27380,2007,2163,659,0,419,333,544,634,0,0,2729,0,0,0,0,1525,986,3300,0,3038,525,0,0,0,0,5371,5378,4036,0,2099,2051,607,1955,2070,1244,0,525,437,0,0,2050,493,0,2254,362,0,0,0,495,950,0,0,1191,891,511,0,675,481,0,580,413,0,1125
622,12973,4957,554,3263,548,2044,25881,1734,2157,683,0,388,377,590,468,0,0,2543,0,0,0,0,1384,916,3379,513,2856,563,1750,0,0,0,5077,5091,3849,0,1742,1767,559,2165,1986,1041,2001,609,472,0,0,2303,443,0,1770,513,0,0,0,616,951,0,0,1139,920,503,0,547,511,0,490,320,0,1093
543,9997,4276,282,2726,521,1455,23621,1564,1533,494,0,216,323,417,448,0,0,2039,0,0,0,0,1296,990,3017,0,2405,456,1480,0,1317,0,4098,4111,2876,0,0,1350,540,1598,1717,907,1521,494,468,301,0,1664,316,0,0,254,0,0,0,428,484,0,368,946,461,472,0,495,495,0,438,318,0,914
593,9952,3800,323,2726,789,1574,27215,1587,1661,482,0,224,407,487,694,0,0,1984,0,0,0,0,1740,1174,3581,261,2554,449,1463,0,1436,209,4700,4710,2641,0,0,1457,447,1802,1676,980,1779,664,453,358,0,1876,309,0,0,260,0,0,0,422,595,0,303,960,561,640,0,389,483,0,420,379,0,903
517,14093,4960,495,3368,633,2428,29889,1876,2534,667,0,346,335,563,569,0,0,2539,0,0,0,0,1566,884,3120,324,3051,652,2645,0,0,225,5661,5685,3940,381,1651,2169,678,1648,2257,990,4376,513,573,431,0,1741,482,0,1888,322,0,0,0,718,626,0,0,1052,601,1171,0,621,621,0,561,403,0,1003
757,13127,4663,607,3671,577,2036,37144,2385,2141,724,0,416,499,490,512,0,0,2185,0,0,0,0,2187,1009,4370,560,2996,551,0,0,2393,270,7291,7324,3711,496,2040,2136,650,2537,2990,1249,3473,640,577,0,0,2661,523,0,2198,559,0,0,0,637,998,0,0,1094,958,1167,0,551,632,0,691,490,0,1038
663,11316,4223,612,3401,588,1721,28325,0,1832,596,0,451,349,456,506,0,0,2034,0,0,0,0,1707,852,3307,0,2581,451,0,0,0,0,5268,5301,3043,448,0,0,516,2097,2874,1041,2649,525,508,0,0,2247,0,0,2536,414,0,0,0,0,778,0,0,1115,743,810,0,446,541,0,799,478,0,1066
744,11477,4367,515,3275,609,1769,27748,0,1854,542,0,369,483,416,540,0,0,2203,0,0,0,0,1567,829,3499,0,2656,456,0,0,0,0,4990,5004,3067,0,0,0,532,2106,2600,1140,2675,533,431,0,0,2211,0,0,2981,371,0,0,0,0,918,0,431,1185,881,559,0,547,458,0,726,416,0,1140
653,11239,4566,462,3468,625,1731,28719,2026,1813,620,0,308,381,490,562,0,0,2238,0,0,0,0,1689,924,3778,374,2432,404,0,0,0,219,5156,5174,3502,0,2105,1825,592,1928,2726,1037,2192,572,428,0,0,2065,0,0,2398,373,0,0,0,482,723,0,0,1100,699,693,393,474,468,0,581,487,0,1053
599,9677,4024,370,2705,639,1431,22721,1566,1498,550,0,236,385,396,559,0,0,2018,0,0,0,0,1241,707,3067,0,2375,325,0,0,0,0,4149,4164,2584,0,1509,0,526,1887,1831,939,1739,490,383,293,0,1978,0,0,1450,266,0,0,0,424,534,0,0,908,507,594,0,426,415,0,526,317,0,861
549,9771,3736,480,2579,473,1630,25751,0,1700,507,0,276,376,442,412,0,0,1955,0,0,0,0,1372,767,3117,0,2442,309,0,0,0,225,4207,4220,2594,0,0,0,488,1549,1583,980,4586,439,397,282,0,1729,0,0,0,211,0,0,0,398,478,0,0,783,457,840,0,443,423,0,558,250,0,739
659,12577,4774,538,3344,606,1962,29925,1933,2075,664,0,371,434,541,536,0,0,2349,0,0,0,0,1686,983,3978,419,3040,514,0,0,0,273,5861,5879,3541,433,2382,0,662,2289,2053,1281,4027,574,495,0,0,2470,533,0,2444,418,0,0,0,519,1005,0,0,969,958,1112,0,590,534,0,814,470,0,915
570,9988,4147,519,2442,481,1423,24477,1990,1516,512,0,377,337,444,418,0,0,2075,0,0,0,0,1288,657,3080,0,2512,497,0,0,0,0,4938,4949,3054,388,2264,0,622,1758,2073,1114,2644,405,395,0,0,1878,477,0,2036,314,0,0,0,480,653,0,0,933,629,924,0,502,430,0,553,279,0,891
634,11013,4246,476,2743,630,1663,26627,2478,1773,607,0,339,411,473,564,0,0,2049,0,0,0,0,1672,583,3246,433,2556,399,0,0,0,0,5349,5376,2998,0,2187,0,592,1856,0,1187,3062,530,407,0,0,1986,576,0,1966,432,0,0,0,483,704,0,0,925,674,747,0,414,453,0,679,337,0,882
759,12801,4783,522,3163,510,2014,29675,2326,2104,748,0,392,499,506,458,0,0,2168,0,0,0,0,1770,779,3481,0,2859,506,0,0,0,0,5948,6042,3590,0,2441,0,661,2235,2242,1220,2847,625,475,0,0,2402,634,0,0,369,0,0,0,0,724,0,0,1100,698,753,0,470,0,0,726,527,0,1058
665,12439,4279,416,3041,599,1973,28126,2225,2072,1052,0,297,405,412,540,0,0,2077,0,0,0,0,1615,730,3677,0,2465,561,0,0,0,0,5613,5646,3599,0,2127,1793,529,2060,2493,1127,5591,601,438,0,0,2161,826,0,0,345,0,0,0,456,818,0,0,915,794,2672,0,448,460,0,629,524,0,865
449,9476,3693,0,2438,400,1518,20048,1702,1605,453,0,191,298,434,362,0,0,1832,0,0,0,0,1072,656,3129,0,2313,411,1240,0,0,0,3869,3893,2703,0,1438,0,521,1522,1617,767,3544,394,395,0,0,1602,837,0,0,0,0,0,0,328,447,0,0,898,431,1618,0,398,410,0,400,336,0,850
430,9237,3612,0,2226,491,1477,19766,1828,1583,429,0,0,291,476,436,0,0,1877,0,0,0,0,1053,723,2887,0,2240,445,0,0,0,195,3594,3614,2561,0,1411,1261,489,1561,1652,831,2538,383,341,0,0,1646,861,0,0,229,0,0,0,350,430,0,0,870,406,1088,0,396,370,0,480,334,0,828
613,12633,4360,524,3211,451,2104,28624,2313,2242,763,0,409,406,428,360,0,0,2067,0,0,0,0,1526,1012,3754,0,2536,807,0,0,0,288,5445,5464,3529,0,2048,1871,638,2185,2063,1120,4211,589,362,0,0,2343,870,0,2181,354,0,0,0,526,835,0,547,845,784,1751,0,500,385,0,700,646,0,809
755,12449,4342,518,3429,625,2067,29186,2447,2222,667,0,352,404,472,558,0,0,2123,0,0,0,0,1541,693,3616,0,3121,654,0,0,0,835,5977,6001,3595,0,2106,0,607,2628,2269,1285,3936,539,408,0,0,2994,1038,0,0,393,0,0,0,487,837,0,0,1101,790,1768,0,461,0,0,790,408,0,1049
745,12276,4232,467,3427,511,2030,26236,2364,2177,684,0,326,390,508,467,0,0,2309,0,0,0,0,1423,803,3513,443,2666,440,0,0,0,290,5203,5239,3111,394,2127,0,569,2129,4004,1092,3663,494,414,0,0,2401,952,0,0,441,0,0,0,412,721,0,0,931,685,1696,425,453,457,0,733,375,0,880
673,12011,4699,503,3261,584,2077,26420,2318,2181,663,0,341,354,530,516,0,0,2386,0,0,0,0,1498,831,3471,0,2538,489,0,0,0,0,5335,5358,3470,454,2072,0,672,2839,3817,1185,3837,517,396,0,0,3024,995,0,2057,374,0,0,0,0,799,0,0,1139,764,1969,518,508,439,0,689,354,0,1081
473,8469,3239,515,2181,492,1485,22328,1557,1558,424,0,272,268,359,418,0,0,1491,0,0,0,0,1297,579,2710,338,1963,384,1384,0,0,0,4579,4599,2554,0,1570,1367,468,1780,2376,860,2563,449,415,0,0,1872,599,0,1522,337,0,0,0,0,649,0,0,717,627,1295,0,318,446,0,714,400,0,683
426,9135,3457,0,2406,397,1310,21281,1608,1409,413,0,0,270,348,364,0,0,1754,0,0,0,0,1099,921,2729,0,2391,354,1326,0,0,307,4215,4221,2571,0,0,0,451,2408,2116,797,1891,449,451,0,0,2498,566,0,0,270,0,0,0,0,619,0,0,850,589,754,0,415,475,0,922,461,0,805
495,8589,3361,266,2163,478,1400,19374,1507,1474,433,0,180,374,412,418,0,0,1760,0,0,0,0,1074,781,2567,247,2343,390,0,0,0,0,4022,4033,2158,0,1215,1175,389,1781,2726,874,2078,416,408,224,0,1903,557,0,1182,245,0,0,0,265,492,0,267,823,475,950,269,348,451,0,582,280,0,774
676,12128,4481,629,2860,500,2005,27627,1873,2101,662,0,443,365,461,435,0,0,2266,0,0,0,0,1467,789,3476,395,3044,487,0,0,0,242,5577,5588,3269,341,2407,0,536,2812,3308,1099,3299,607,538,0,0,2960,680,0,2550,394,0,0,0,408,714,0,0,1016,696,1735,0,513,593,0,504,411,0,966
656,11223,4254,594,2896,551,1829,25853,1925,1936,621,1792,402,336,473,500,0,0,2077,0,0,0,0,1403,896,3281,398,3152,411,0,0,0,0,5161,5186,3282,413,2270,1910,582,2295,2819,1109,3486,548,526,0,0,2439,647,0,1999,396,0,0,0,371,872,0,0,971,845,1892,0,470,576,0,555,508,0,917
621,10639,4331,504,2769,493,1642,24458,1868,1738,548,0,376,376,487,441,0,0,1999,0,0,0,0,1404,678,3073,394,2417,441,0,0,0,0,5102,5121,3145,361,2117,1679,643,1990,2483,1109,2592,513,350,0,0,2136,579,0,1871,394,0,0,0,381,707,0,0,930,677,1118,0,482,403,0,400,367,0,881
563,10191,3932,432,3032,461,1627,24226,2005,1708,525,0,316,361,461,404,0,0,1944,0,0,0,0,1447,760,2887,406,2242,394,0,0,0,0,4950,4971,2826,0,1979,0,522,1849,3831,1040,2682,497,340,0,0,2097,645,0,1963,405,0,0,0,0,923,0,0,1004,882,993,0,449,368,0,664,356,0,970
0,7468,0,0,0,0,1130,18121,0,1197,0,0,0,0,0,0,0,0,1311,0,0,0,0,1004,440,2078,0,0,0,0,0,0,0,3796,3801,0,0,0,0,0,1560,3317,724,3421,0,0,0,0,1680,0,0,0,0,0,0,0,0,0,0,0,633,482,0,0,0,0,1194,2213,0,0,599
0,7921,2972,0,0,611,1258,20939,0,1335,0,0,0,326,319,547,0,0,1577,0,0,0,0,1207,860,2473,0,0,340,0,0,0,0,3678,3692,2273,0,0,0,0,1528,2897,814,2421,0,294,0,0,1617,0,0,0,0,0,0,0,0,0,0,0,706,415,673,0,311,0,675,1670,983,0,657
473,8316,3301,0,2267,489,1190,22992,1990,1260,478,0,0,324,371,431,0,0,1689,0,0,0,0,1240,1161,2830,0,0,398,0,0,0,0,4262,4272,2591,0,0,0,0,1803,2797,945,2874,0,313,0,0,1881,0,0,0,0,0,0,0,0,0,0,0,716,433,676,0,378,0,505,1150,854,0,680
624,10244,3573,0,3087,0,1462,26603,0,1577,585,0,0,385,337,381,0,0,1735,0,0,0,0,1652,781,2754,0,0,458,0,0,0,0,4895,4916,3133,0,0,0,0,1809,3457,979,3156,535,390,0,0,1918,542,0,0,0,0,0,0,0,671,0,0,856,629,907,0,378,0,620,922,633,0,822
686,9954,3899,0,2864,0,1471,24751,0,1584,0,0,393,435,393,415,0,0,1868,0,0,0,0,1417,747,2738,0,0,494,0,0,0,0,5199,5225,3217,0,0,0,0,1846,3140,1172,3964,0,484,0,0,1969,0,0,2718,0,0,0,0,0,0,0,0,1008,517,956,0,417,0,0,829,529,0,969
664,10640,3980,592,2514,490,1601,27096,0,1698,498,0,395,402,356,438,0,0,1966,0,0,0,0,1439,779,3057,0,0,498,0,0,0,0,5563,5590,3261,0,0,0,499,2227,2709,1344,3218,532,313,0,0,2421,564,0,0,256,0,0,0,0,659,0,0,989,640,907,0,482,0,0,781,536,0,945
619,10329,3720,444,2614,454,1606,25859,0,1699,514,0,341,389,378,390,0,0,1880,0,0,0,0,1338,769,3077,0,1988,587,0,0,0,0,5207,5225,3255,0,0,0,464,2303,2791,961,4467,465,315,0,0,2503,486,0,0,293,0,0,0,0,536,0,0,931,502,988,0,392,0,0,617,493,0,906
747,11254,4046,440,2535,522,1721,28654,0,1822,557,0,321,460,407,482,0,0,2059,0,0,0,0,1591,1003,3648,0,2261,631,0,0,0,0,6380,6402,3576,0,0,0,532,2533,2706,1145,3266,610,343,0,0,2694,542,0,0,305,0,0,0,0,674,0,0,1065,648,1078,0,475,375,384,579,510,0,1019
557,8648,3274,0,2489,435,1425,26988,1721,1496,388,0,0,398,396,392,0,0,1714,0,0,0,0,1242,1257,5504,0,1874,404,0,0,0,234,4959,4975,2766,0,0,0,391,1725,3014,830,2707,551,360,0,0,1863,481,0,0,0,0,0,0,0,474,0,0,812,458,976,0,396,379,353,604,409,0,773
484,8343,3252,0,2165,439,1396,22975,1632,1475,397,0,0,332,377,399,0,0,1663,0,0,0,0,1176,861,3103,0,1817,475,0,0,0,0,5060,5089,2647,0,0,0,380,1827,3232,814,2296,428,321,0,0,2009,487,0,0,0,0,0,0,0,442,0,0,824,416,816,0,342,353,0,495,328,0,783
716,10327,3907,622,2622,473,1832,26003,2125,1939,601,0,460,441,463,423,0,0,1986,0,0,0,0,1687,871,3158,0,2153,525,0,0,0,0,5195,5208,3119,0,0,0,485,2179,4263,1086,3333,602,363,0,0,2350,587,0,2357,0,0,0,0,0,595,0,0,815,568,1048,0,410,381,0,701,563,0,777
