reopening,june,spike,post covid,normal,number cases,new normal,post covid 19,confirmados,believeyourpossibilities stayhomesafelives buy,stayhomesafelives buy song,homeofpossibilities believeyourpossibilities stayhomesafelives,uk fantasticradiouk homeofpossibilities,fantasticradiouk homeofpossibilities believeyourpossibilities,co uk fantasticradiouk,casos,read article,post covid19,must read article,hidden meaning behind,must read,meaning behind calculating,cases,lives matter,06 2020,junio 2020,meaning behind,microchip mark beast,rfid microchip mark,brasil,junio,19 em,covid19 cases,mark beast,hidden meaning,second wave,microchip mark,black lives,rfid microchip,mil casos,new covid19,new coronavirus cases,behind calculating,june 2020,future,black lives matter,en,covid 19 em,new cases,market,coronavirus cases,last 24,covid 19 still,last 24 hours,behind,casos covid 19,wave,00,je,cases reported,second,black,19 impact,new coronavirus,new cases covid19,da covid 19,casos covid,casos confirmados,mortes covid 19,com covid
0,0,0,0,0,345,0,0,0,0,0,0,0,0,0,6117,0,0,0,0,283,0,13746,0,0,0,0,0,0,0,0,0,557,0,0,0,0,0,0,0,0,303,0,0,0,0,2094,0,1533,0,3074,0,0,0,0,535,0,0,3375,0,0,0,0,1026,0,155,540,866,0,0
0,0,0,0,0,0,0,0,0,0,0,0,0,0,0,6634,0,0,0,0,309,0,14989,0,0,0,0,0,0,0,0,0,644,0,0,0,0,0,0,0,0,424,0,0,0,0,2300,0,1705,0,3182,0,0,0,0,549,0,0,3460,0,0,0,0,1426,0,195,559,872,0,0
0,0,0,0,0,0,0,0,0,0,0,0,0,0,0,7278,0,0,0,0,0,0,16132,0,0,0,0,0,0,1864,0,0,766,0,0,0,0,0,0,0,0,395,0,0,0,0,2310,140,1766,0,3318,0,0,143,0,698,0,0,3483,302,0,0,0,1518,135,267,712,1017,0,0
0,0,0,0,0,0,0,0,0,0,0,0,0,0,0,7064,0,0,0,0,307,0,16520,0,0,0,0,0,0,1773,0,0,740,0,0,0,0,0,0,0,0,384,0,0,0,0,2423,136,1830,0,3044,0,0,163,0,630,0,0,3265,0,0,0,0,1366,148,236,648,985,0,0
0,0,0,0,0,577,0,0,0,0,0,0,0,0,0,10021,0,0,0,0,0,0,31100,0,0,0,0,0,0,0,0,0,1452,0,0,0,0,0,0,0,0,429,0,0,0,0,0,225,2600,0,6957,0,0,218,0,836,0,0,4158,480,0,0,0,1854,0,380,847,1391,0,0
0,0,0,0,0,542,0,0,0,0,0,0,0,0,0,10461,0,0,0,0,0,0,29218,0,0,0,0,0,0,2939,0,0,1402,0,0,0,0,0,0,0,0,428,0,0,0,0,0,230,2510,0,5891,0,0,340,0,806,0,0,4426,441,0,0,0,1774,0,465,839,1473,0,0
0,0,0,0,0,493,0,0,0,0,0,0,0,0,0,9370,0,0,0,0,0,0,26648,0,0,0,0,0,0,0,0,0,1187,0,0,0,0,0,0,0,0,470,0,0,0,0,2440,178,2925,0,4816,0,0,280,0,822,0,0,4608,449,0,0,0,1626,196,354,838,1226,0,0
0,0,0,0,2432,533,0,0,0,0,0,0,0,0,0,9046,0,0,0,0,0,0,25414,0,0,0,0,0,0,0,0,0,1066,0,0,0,0,0,0,0,0,578,0,0,0,0,0,209,2618,0,4757,0,0,243,0,761,0,0,4527,0,0,0,0,1601,0,368,773,1224,0,0
0,0,0,0,0,0,0,0,0,0,0,0,0,0,0,8933,0,0,0,0,0,0,25084,0,0,0,0,0,0,0,0,0,1107,0,0,0,0,0,0,0,0,688,0,0,0,0,0,238,2566,0,4482,0,207,243,0,936,0,0,4111,458,0,0,0,1831,0,397,951,1224,0,0
0,0,0,0,0,0,0,0,0,0,0,0,0,0,0,8708,0,0,0,0,0,0,23045,0,0,0,0,0,0,0,0,0,1160,0,0,0,0,0,0,0,0,421,0,0,0,0,0,248,2421,0,4036,0,0,206,0,771,0,0,4353,0,0,0,0,1622,0,480,791,1287,0,0
0,0,0,0,0,440,0,184,0,0,0,0,0,0,0,9234,0,0,0,0,0,0,24980,0,0,0,0,0,0,0,0,0,1263,0,0,0,0,0,0,0,0,505,0,0,0,0,0,260,2451,0,4603,0,0,341,0,881,0,0,3959,529,0,0,0,1750,194,461,899,1283,0,0
0,0,0,0,0,481,0,0,0,0,0,0,0,0,0,8940,0,0,0,0,0,0,25396,0,0,0,0,0,0,0,0,0,1239,0,0,629,0,0,0,0,0,365,0,0,0,0,0,279,2498,0,4715,0,0,404,0,938,0,0,4254,0,0,0,0,1573,0,575,951,1309,0,0
0,0,0,0,0,0,0,192,0,0,0,0,0,0,0,9372,0,0,0,0,0,0,23587,0,0,0,0,0,0,0,0,0,1157,0,0,0,0,0,0,0,0,407,0,0,0,0,2768,333,2580,0,4213,0,0,337,0,868,0,0,4897,458,0,0,0,1730,193,486,879,1275,0,0
0,0,0,0,0,0,0,0,0,0,0,0,0,0,0,10327,0,0,0,0,0,0,26312,0,0,0,0,0,0,0,0,0,1234,0,0,0,0,0,0,0,0,541,0,0,0,0,0,286,3049,0,4512,0,0,315,0,1059,0,0,4902,532,0,0,0,1929,0,505,1074,1434,0,0
0,0,0,0,0,492,0,225,0,0,0,0,0,0,0,9918,0,0,0,0,0,0,26236,0,0,0,0,0,0,0,0,0,1121,0,0,0,0,0,0,0,0,906,0,0,0,0,0,296,3275,0,4457,0,0,327,0,1057,0,0,4475,529,0,0,0,2339,210,484,1071,1430,0,0
0,0,0,0,0,501,0,305,0,0,0,0,0,0,0,10137,0,0,0,0,0,0,23924,0,0,0,0,0,0,0,0,0,1187,0,0,0,0,0,0,0,0,797,0,0,0,0,0,328,2488,0,4363,0,0,296,0,1086,0,0,4417,462,0,0,0,2277,0,641,1110,1501,0,0
0,0,0,0,2937,0,0,269,0,0,0,0,0,0,0,9836,0,0,0,0,0,0,23028,0,0,0,0,0,0,0,0,0,1218,0,0,0,0,0,0,0,0,606,0,0,0,0,0,320,2857,0,3665,0,0,431,0,1012,0,0,4869,0,0,4098,0,2218,0,638,1039,1362,0,0
0,0,0,0,3088,0,0,323,0,0,0,0,0,0,0,11049,0,0,0,0,0,0,25943,0,0,0,0,0,0,0,0,0,1320,0,0,0,0,0,0,0,0,531,0,0,0,0,0,301,2945,0,4141,479,0,416,0,1091,0,0,5127,450,0,4633,0,1980,0,729,1138,1545,0,0
0,0,0,0,0,0,0,356,0,0,0,0,0,0,0,11264,0,0,0,0,0,0,24954,0,0,0,0,0,0,0,0,0,1186,0,0,0,0,0,0,0,0,604,0,0,0,0,0,299,2749,0,4596,0,0,313,0,1359,0,0,4134,481,0,3500,0,1911,0,776,1378,1540,0,513
0,0,0,0,3042,468,0,279,0,0,0,0,0,0,0,11528,0,0,0,0,0,0,28048,0,0,0,0,0,0,0,0,0,1280,0,0,0,0,0,0,0,0,635,0,0,0,0,0,313,3070,0,5005,523,0,494,0,1407,0,0,3975,567,0,4076,0,1955,0,756,1428,1570,0,0
0,0,0,0,2665,443,0,320,0,0,0,0,0,0,0,10725,0,0,0,0,0,0,26536,0,0,0,0,0,0,3090,0,0,1303,0,0,0,0,0,0,0,0,778,0,0,0,0,2687,313,2983,0,4445,459,0,410,2725,1172,0,0,4001,468,0,3083,0,2331,0,613,1198,1472,0,0
0,0,0,0,0,0,0,305,0,0,0,0,0,0,0,12497,0,0,0,0,0,0,29787,0,0,0,0,0,0,3479,0,0,1434,0,0,0,0,0,0,0,0,1043,0,0,0,0,0,319,3711,0,5129,0,0,399,0,1429,0,0,5195,645,0,2985,0,2297,0,655,1463,1749,0,0
0,0,0,0,0,0,0,371,0,0,0,0,0,0,0,13145,0,0,0,0,0,0,32709,0,0,0,0,0,0,0,0,0,1598,0,0,634,0,0,0,0,0,1328,0,0,0,0,0,346,4108,0,5341,0,0,395,0,1690,0,0,5115,721,0,0,0,2939,0,889,1729,1920,276,0
0,0,0,0,0,0,0,405,0,0,0,0,0,0,0,11924,0,553,0,0,0,0,28412,0,0,0,0,0,0,3275,0,0,1590,0,0,0,0,0,0,0,0,860,0,0,0,0,0,408,3052,0,4525,0,0,365,0,1489,0,0,4717,601,0,3273,0,2349,0,906,1518,1694,0,663
0,0,0,505,0,0,0,426,0,0,0,0,0,0,0,11400,0,503,0,0,0,0,27938,0,0,0,0,0,0,0,0,0,1585,0,0,0,0,0,0,0,0,642,0,0,0,0,0,452,3424,0,4423,0,0,319,0,1373,0,0,4664,664,0,0,0,1970,261,927,1442,1552,0,0
0,0,0,606,3763,0,648,525,0,0,0,0,0,0,0,12098,0,639,0,0,0,0,29143,0,0,0,0,0,0,3450,0,0,1594,0,0,0,0,0,0,0,0,634,0,0,0,0,3266,405,3570,3499,4340,0,0,358,0,1461,0,0,4944,0,0,0,0,2256,0,860,1495,1658,0,0
0,0,0,558,3273,0,0,452,0,0,0,0,0,0,0,10645,0,532,0,0,0,0,27792,0,0,0,0,0,0,0,0,0,1555,0,0,0,0,0,0,0,0,639,0,0,0,0,2912,329,3099,0,4407,0,0,413,0,1326,0,0,4322,557,0,0,0,2163,0,719,1355,1548,0,0
0,0,0,0,2741,482,0,339,0,0,0,0,0,0,0,10983,0,0,0,0,0,0,30713,0,0,0,0,0,0,0,0,0,1633,0,0,459,0,0,0,0,0,884,0,0,0,0,0,438,3462,0,5389,454,0,413,0,1327,0,0,4167,590,0,0,0,2508,217,656,1350,1485,0,0
0,0,0,0,3016,542,0,378,0,0,0,0,0,0,0,11897,0,0,0,0,645,0,32363,0,0,0,0,0,0,0,0,0,1578,0,0,742,0,0,0,0,0,1000,0,0,0,0,0,309,4283,0,5325,0,0,460,0,1458,0,0,4317,621,0,0,0,2262,346,689,1477,1638,0,0
0,0,0,801,0,672,0,574,0,0,0,0,0,0,0,12014,0,621,0,0,0,0,33927,0,0,0,0,0,0,0,0,0,1891,0,0,1012,0,0,0,0,630,855,0,0,3659,0,0,464,4392,0,5335,544,233,487,0,1512,0,0,4100,723,0,0,0,2381,380,807,1542,1633,320,0
0,0,0,729,0,0,0,609,0,0,0,0,0,0,0,11909,0,658,0,0,0,0,32140,0,0,0,0,0,0,0,0,0,1689,0,0,1658,0,0,0,0,657,781,0,0,3850,0,0,384,3987,0,5576,0,0,442,0,1383,0,0,4821,616,4147,0,0,2596,357,859,1428,1543,0,0
0,0,0,755,0,0,0,593,0,0,0,0,0,0,0,12009,686,1759,0,0,757,0,30140,0,0,0,0,0,0,0,0,0,1612,0,0,3041,0,0,0,0,0,679,0,0,5224,0,0,512,3767,0,4461,0,0,0,0,1457,4870,0,4714,0,6021,0,0,2153,364,954,1486,1623,0,0
0,0,0,762,0,0,653,628,0,0,0,0,0,0,0,11942,777,810,262,0,583,0,28716,0,0,0,0,0,0,3466,0,634,1460,0,0,1117,0,0,0,0,571,750,0,0,4319,0,0,634,3524,0,4482,0,0,399,0,1481,0,0,5108,623,3393,0,0,2324,361,1112,1516,1557,474,0
0,0,0,663,0,0,0,538,0,0,0,0,0,0,0,11241,650,664,362,0,677,0,25775,0,0,0,0,0,0,0,0,0,1448,0,0,649,0,0,0,0,579,647,0,0,4282,0,0,425,3403,0,3800,0,0,387,0,1494,0,0,4359,0,0,0,0,2167,312,823,1524,1558,0,0
0,0,0,716,0,517,0,596,0,0,0,0,0,0,0,12825,676,530,397,0,743,0,32024,0,0,0,0,0,0,0,0,0,1856,0,0,739,0,0,0,0,603,1086,0,0,3990,0,3173,360,4558,0,4960,546,0,494,0,1537,0,0,4676,692,3914,0,0,2266,391,880,1577,1693,0,0
0,0,0,745,3448,583,756,621,0,258,258,258,258,258,258,13971,658,531,411,0,693,0,35251,0,0,0,0,0,0,0,0,549,1948,0,0,771,0,0,0,0,673,1102,0,0,4140,0,3102,549,4841,0,5429,617,0,569,0,1965,0,0,4542,912,3062,0,0,2342,475,851,1993,1855,286,496
0,0,0,880,3934,567,907,723,0,0,0,0,0,0,0,13739,734,859,434,0,740,0,34994,0,0,0,0,0,0,0,0,545,2129,0,0,836,0,0,0,0,697,951,0,0,5321,0,0,545,4506,3421,5190,545,0,495,0,1877,0,0,4222,801,0,0,0,2791,327,1038,1910,1891,0,0
3538,0,0,954,3720,600,877,783,0,0,0,0,0,0,0,14738,0,942,0,0,0,0,35347,0,0,0,0,0,0,5952,0,976,2143,0,0,667,0,0,0,0,637,977,0,0,3811,0,0,975,3854,0,5949,0,0,445,0,2025,0,0,4811,725,0,0,0,2546,378,1228,2056,2068,666,0
3589,0,0,1062,4015,600,1011,833,0,0,0,0,0,0,0,14986,0,933,0,0,0,0,36966,0,0,0,0,0,0,5822,0,820,2093,0,0,1354,0,0,0,0,630,1125,0,0,4503,0,0,818,4179,3444,5464,573,0,506,0,2053,0,0,4778,691,4142,0,593,2604,434,1369,2087,2021,738,571
3523,0,0,1066,4049,609,898,871,0,233,233,233,233,0,233,13996,0,1180,0,0,0,0,35239,0,0,0,0,0,0,4429,0,645,1927,0,0,753,0,0,0,0,672,1259,0,0,3894,0,0,643,4494,3578,5068,563,0,485,0,1854,0,0,4653,806,0,0,600,2905,405,1300,1900,1869,410,630
2542,0,0,843,3006,474,657,599,0,0,0,0,0,0,0,7170,0,709,0,0,0,0,25768,0,0,0,0,0,0,0,0,427,1453,0,0,725,0,0,0,0,648,926,0,0,3277,0,0,422,3381,2747,3502,505,0,446,0,958,0,0,3910,633,2508,0,504,2044,212,745,978,895,208,0
0,0,0,710,3223,573,629,590,0,0,0,0,0,0,0,14538,828,577,620,0,920,0,35555,0,0,0,0,0,0,3444,0,498,1628,0,0,850,0,0,0,0,628,1543,0,0,4904,0,2958,498,5117,0,5081,662,0,603,0,1977,0,0,4318,799,0,0,0,2839,428,942,2012,1830,278,503
3094,0,0,-1,3402,-1,-1,-1,0,0,0,0,0,0,0,15599,-1,-1,-1,0,-1,0,39189,0,0,0,0,0,0,4782,0,-1,-1,0,0,-1,0,0,0,-1,-1,-1,0,0,4789,0,0,-1,-1,0,-1,-1,0,-1,0,-1,0,0,4405,-1,0,0,0,-1,-1,-1,-1,-1,-1,0
4290,4375,0,-1,3824,-1,-1,-1,0,0,0,0,0,0,0,14976,-1,-1,-1,0,-1,0,37350,0,0,0,0,0,0,4024,0,-1,-1,0,0,-1,0,0,0,-1,-1,-1,0,0,5429,0,0,-1,-1,3949,-1,-1,0,-1,0,-1,0,0,4134,-1,0,0,-1,-1,-1,-1,-1,-1,-1,0
4655,0,0,1083,3919,651,1129,906,0,0,0,0,0,0,0,15008,0,950,0,0,564,0,34156,0,0,0,0,0,0,4380,0,757,1923,0,0,910,0,0,0,0,725,1385,0,0,4475,0,0,754,4526,3923,5179,787,0,694,0,2127,0,0,3833,712,3940,0,638,3463,356,1252,2164,1802,447,584
5268,0,0,1091,4296,572,1164,850,0,0,0,0,0,0,0,15026,757,1073,429,0,719,0,33954,0,0,0,0,0,0,4824,0,718,1947,0,0,799,0,0,0,0,748,1208,0,0,5710,0,0,716,4577,3915,5083,0,0,446,4333,1980,0,0,4326,663,0,0,658,3473,377,1418,2018,1898,417,732
5167,0,0,1160,4353,621,939,904,0,0,0,0,0,0,0,16205,847,1144,545,0,850,0,35357,0,0,0,0,0,0,5469,0,759,2131,0,0,927,0,0,0,0,744,1131,0,0,6277,0,0,758,5007,3539,5217,679,0,598,0,2201,0,0,4555,742,0,6129,800,3278,491,1449,2256,2116,393,759
5080,0,0,978,3840,0,878,802,0,0,0,0,0,0,0,16608,758,952,491,0,825,0,35030,0,0,0,0,0,0,5899,0,952,2011,0,0,0,0,0,0,0,736,1228,0,0,5839,0,0,947,4591,4031,5405,668,0,591,0,2167,0,0,3823,718,3323,3712,682,2940,412,1434,2222,2149,670,869
3855,0,0,786,3324,0,718,659,0,0,0,0,0,0,0,15135,862,0,608,378,1056,384,38305,0,0,0,778,511,511,5718,0,0,2004,0,0,746,0,0,0,0,707,1639,0,0,4189,0,0,633,5409,0,6357,693,0,617,3329,1938,0,0,3827,881,3216,3352,0,3407,375,1241,1990,1990,746,707
0,0,0,718,3591,561,626,603,0,0,0,0,0,0,0,14961,580,652,341,0,671,0,37403,0,0,0,0,0,0,4763,0,0,2094,0,0,1949,0,0,0,0,780,1641,0,0,5352,0,0,482,5393,0,6655,695,0,634,0,1992,3890,0,4823,768,4858,0,0,3865,399,1144,2042,1633,477,0
5054,0,0,1193,3976,604,984,974,0,267,267,267,267,267,267,16103,824,1045,577,0,856,0,36070,0,0,0,0,0,0,3902,0,649,2190,0,0,1937,0,0,0,0,724,1601,0,0,6189,0,0,649,4889,3481,6296,731,0,635,0,2376,4125,0,4479,815,4838,0,784,3859,428,1454,2429,1965,341,596
5086,0,0,985,3696,0,902,822,0,0,0,0,0,0,0,14046,755,965,481,0,749,0,30822,0,0,0,0,0,0,4293,0,673,1910,0,0,1263,0,0,0,0,619,1501,0,0,5870,0,0,672,4224,3318,5285,568,0,507,0,1866,0,0,3553,632,3954,0,600,3339,315,1192,1912,1772,433,0
4721,0,0,1211,3788,0,982,985,0,0,0,0,0,0,0,15931,0,1006,0,273,556,278,31025,0,0,0,562,365,365,4254,0,755,1600,0,0,1490,0,0,0,0,646,1425,0,0,4515,0,0,755,4155,3806,4907,555,0,475,0,2180,0,0,3241,678,4275,0,759,3302,286,1291,2225,1987,443,598
5166,0,0,1345,4346,0,1257,1112,0,0,0,0,0,0,0,16410,735,1326,441,514,971,522,34116,0,0,0,1039,652,661,5233,0,932,2041,772,692,1151,661,0,745,552,681,1289,0,0,5322,0,0,928,4482,3877,5121,581,0,519,3761,2492,0,0,3691,711,3719,0,779,3158,296,1584,2550,2080,465,693
5283,0,0,1179,3942,0,1095,932,0,0,0,0,0,0,0,16757,1039,977,744,851,1315,870,35508,0,0,0,1704,1113,1122,6021,0,1144,2144,1244,1132,951,1124,0,1170,0,822,1346,870,0,5259,0,0,1144,4444,3788,5324,702,0,642,4381,2428,0,0,3705,689,4128,0,738,3212,343,1759,2491,2045,456,894
4072,0,0,917,3835,755,827,757,3070,0,0,0,0,0,0,17787,1022,720,784,870,1448,868,38293,0,0,0,1775,1143,1148,5876,0,853,2080,1211,1170,1055,1148,0,1187,0,709,1414,868,0,4111,0,0,850,5181,0,5541,732,0,643,3938,2521,0,0,3507,839,3375,0,0,2932,410,1397,2589,2294,500,781
4370,0,0,814,3667,593,883,637,0,0,0,0,0,0,0,16144,740,606,551,630,1030,632,36230,0,0,0,1270,840,839,5907,0,515,1990,907,846,1279,840,0,849,0,646,1517,632,0,3629,0,0,515,5105,0,5833,821,0,623,3770,2602,3080,0,2902,762,3431,0,0,3371,384,1114,2657,1925,489,610
5428,0,0,992,3901,546,1217,769,0,0,0,0,0,0,0,13902,0,1020,0,0,0,0,32156,0,0,0,0,0,0,4441,0,766,2007,0,0,1073,0,0,0,0,706,1208,0,0,4406,0,3096,763,4012,3306,5061,683,0,466,0,2070,0,3072,2973,789,3010,0,610,3170,265,1300,2105,1648,313,561
4908,0,0,1131,2609,0,938,734,0,0,0,0,0,0,0,14345,0,683,0,0,0,0,28196,0,0,0,0,0,0,5629,0,1079,1750,0,0,595,0,0,0,0,750,1502,0,0,3488,0,3672,1073,3361,3007,5484,518,0,478,0,2572,0,0,2405,643,2380,0,702,2906,266,1401,2651,1542,746,819
3974,2493,0,1072,2525,420,933,841,0,0,0,0,0,0,0,15821,0,659,0,0,0,0,29751,0,0,0,0,0,0,6045,0,1020,1724,0,0,3641,0,0,0,0,724,1487,0,0,3128,0,3381,1018,3696,2533,6530,600,0,530,0,2860,9653,0,2378,749,5493,0,743,2778,318,1721,2928,1662,663,772
4712,3465,0,1421,4179,557,1292,1136,3167,292,292,292,292,292,292,20677,824,1214,542,617,983,617,40784,0,0,0,1233,818,818,6151,0,984,1944,865,824,3262,818,0,818,567,741,1645,618,0,4530,0,4193,981,4935,3733,7870,724,0,653,3729,3299,6498,0,0,1088,6364,0,836,3669,337,1613,3369,2325,579,725
4500,4258,0,1246,3722,0,1244,1002,0,298,298,298,298,298,298,19719,0,1108,0,0,0,0,34540,0,0,0,0,0,0,7005,0,914,1745,0,0,2500,0,0,0,0,729,1144,0,0,4133,0,3433,912,4395,3135,5222,651,0,581,0,2923,4682,0,0,694,5542,0,720,2744,295,1715,2991,2168,789,749
3095,0,0,843,3040,588,778,695,0,303,303,303,303,303,303,19147,599,612,441,0,638,0,34566,0,0,0,0,0,0,5520,0,663,1672,0,0,1242,0,0,0,700,711,1619,0,0,4129,0,3450,658,4703,0,6061,764,0,666,0,2851,0,0,0,786,5767,2976,0,3074,295,1140,2956,2003,431,589
2724,0,0,782,3215,587,791,634,0,328,328,328,328,328,328,18074,468,680,276,0,489,0,35230,0,0,0,0,0,0,5881,0,679,1878,0,0,1782,0,0,0,762,723,1541,0,0,3845,0,3044,677,4614,0,5891,720,289,662,0,2902,3107,0,2711,1121,5789,2728,0,2661,321,1229,2973,1873,499,499
0,3271,0,1114,3977,607,1408,897,3085,316,316,316,316,316,316,19570,747,945,524,0,832,0,36502,0,0,0,0,0,0,6520,0,968,1948,0,0,1560,0,0,0,578,781,1373,0,0,5260,0,3346,964,5227,2954,5965,772,285,703,0,2940,3322,0,2899,835,4937,0,722,2883,410,1831,3013,2313,500,983
4028,4544,0,1446,5156,625,2350,1197,3203,305,305,305,305,305,305,20118,856,1235,597,653,1055,658,35865,0,0,0,1296,854,854,6189,0,943,1922,877,866,1777,854,0,855,582,881,1345,658,0,4773,0,3388,939,4762,4004,5667,787,0,720,3509,3140,3648,3536,0,875,5727,0,827,2728,441,1825,3231,2281,732,818
4557,5012,0,1454,5292,589,2543,1179,3168,320,320,320,320,320,320,20003,1051,1268,802,892,1346,893,36849,0,0,0,1776,1152,1159,5789,0,1019,1965,1189,1193,1687,1159,0,1183,598,868,1147,893,0,4858,0,3450,1017,5703,4111,4884,798,0,713,4267,3115,3275,3839,0,855,4097,3544,917,2491,406,1487,3205,2196,707,748
3792,5908,0,1293,10259,554,4701,1051,0,0,0,0,0,0,0,17566,1483,1202,1255,1418,1954,1417,33997,0,0,0,2852,1886,1886,4586,0,784,1911,1902,1902,1881,1886,0,1888,0,908,1365,1417,0,4483,0,3079,783,5235,3627,4756,687,0,642,5145,2527,3786,3117,2864,761,4493,4397,726,2379,376,1342,2618,1961,485,0
4372,7122,3103,1165,8237,610,5705,968,2967,301,301,301,301,301,301,18464,1009,993,804,885,1291,901,35050,0,0,0,1803,1141,1157,4677,0,828,1970,1154,1194,1303,1157,0,1205,517,911,1465,901,512,4360,0,3561,827,4882,3694,5313,889,401,782,3858,2652,2835,2917,0,931,3926,6236,836,2439,343,1738,2704,2202,477,526
2622,4603,3170,783,4171,606,1691,661,2709,342,342,342,342,342,342,17673,536,627,398,446,708,452,34549,409,0,0,904,598,598,4707,0,654,2130,616,601,1482,598,414,598,0,818,1012,452,405,2701,0,3252,651,4973,2553,4644,995,604,847,2490,2603,2895,0,2479,905,3592,6825,411,2076,367,1200,2652,2004,554,0
0,4904,3668,671,4898,583,2381,547,2529,341,341,341,341,341,341,16672,880,512,754,843,1263,862,35599,810,0,0,1702,1147,1146,4712,0,0,2216,1158,1119,1560,1147,889,1150,552,922,1170,862,0,2622,536,2808,486,4824,2643,5376,973,932,877,3489,2555,3236,2438,2432,868,3418,8308,0,2638,380,972,2611,1780,441,0
2679,11598,2776,1237,3964,483,1448,1017,2872,327,327,327,327,327,327,18337,979,870,819,924,1286,928,32887,813,731,713,1859,1191,1202,4588,4878,760,2169,1201,1227,1776,1202,796,1230,764,780,859,928,1990,3806,498,2490,758,4398,3610,4513,765,763,673,3764,2975,4173,2708,2922,837,4336,7476,809,3002,344,1435,3053,2022,389,564
2681,11098,0,1134,3982,486,1689,943,3180,341,341,341,341,341,341,20626,1304,970,1123,1292,1720,1305,33803,1293,1118,1099,2577,1687,1695,5672,4505,1051,2091,1704,1733,2002,1695,1250,1717,509,894,930,1305,2486,4093,921,3501,1048,4982,3947,4441,742,738,677,4659,3076,3873,3183,2924,912,4484,8721,901,3133,337,1462,3153,2273,798,568
2962,11750,2800,1307,5807,553,3140,1111,3133,324,324,324,324,324,324,18822,519,1174,0,302,578,305,33609,1393,1179,1084,611,404,402,5948,4112,960,2202,0,0,2087,0,1274,0,0,768,858,0,2509,3944,932,3025,959,4725,3914,4716,1128,829,1055,2722,2705,4196,3378,2840,842,5131,10004,945,1969,376,1661,2824,2204,593,579
2989,10412,2996,1237,3832,664,1506,1013,3015,321,321,321,321,321,321,18929,971,1005,777,868,1245,883,34019,1304,1081,1021,1749,1170,1170,5305,4153,1037,2119,1190,1170,1639,1170,1240,1174,791,857,1254,883,2183,3909,934,3438,1037,4622,3805,5120,936,670,865,3749,2859,3227,3026,2690,1235,3827,7101,933,2250,338,1514,2950,2065,632,528
3250,10706,2706,1207,3601,534,1519,991,2821,341,341,341,341,341,341,17466,768,954,616,673,1031,671,35005,2323,1066,1054,1348,864,870,8691,4059,964,2286,875,911,1696,870,2418,891,514,873,1028,671,2121,3636,2010,2697,962,4719,4689,5586,999,524,942,3415,2667,3167,2702,0,900,3925,9657,820,2380,321,2219,2786,2034,732,601
2640,7367,2785,721,3218,600,1305,589,2601,338,338,338,338,338,338,17166,1039,488,915,1076,1447,1068,33594,2412,1406,973,2133,1399,1405,9905,3072,721,2267,1404,1438,2251,1406,2225,1422,561,762,1094,1068,1568,3035,1833,2400,716,4802,2639,5284,1051,521,967,3923,2809,4068,0,0,686,4221,7229,513,2217,319,3684,2891,1888,1283,499
2126,7399,2806,618,2949,724,1081,498,2653,340,340,340,340,340,340,18274,778,539,668,706,1069,699,36179,1980,1154,958,1412,931,931,8122,3312,666,2627,946,959,1764,931,1896,931,467,829,1097,699,1638,2561,1512,2615,666,4534,2588,6113,1197,511,1098,2967,2912,3426,2064,2032,832,3825,6408,0,2515,244,2184,3015,1792,720,413
4599,11530,0,1192,4487,654,1792,921,3067,355,355,355,355,355,355,21915,1048,1120,850,949,1318,947,41196,1647,1170,926,1893,1221,1230,7481,3848,1087,2734,1236,1289,1473,1230,1606,1256,515,878,1034,947,2270,3785,1369,2988,1085,5416,4100,6382,759,482,664,3800,3426,3014,2855,0,1039,3628,5560,907,2159,0,3278,3530,2164,1287,537
3874,10623,0,1231,4856,541,2461,1017,2787,332,332,332,332,332,332,19470,851,1056,655,707,1052,711,36683,882,1169,1031,1430,931,935,5179,3926,977,2326,940,966,1186,935,822,947,683,943,1193,711,2181,3478,657,3617,975,4886,4022,5753,930,433,863,3100,3120,0,2639,0,934,2952,4212,857,2470,286,2700,3197,2019,709,531
4636,10837,3092,1452,4360,577,2162,1204,2846,330,330,330,330,330,330,20660,1009,1143,776,915,1255,915,39991,868,1131,850,1828,1214,1216,5013,3650,812,2770,1234,1221,2090,1216,864,1221,588,913,1348,915,1511,4012,676,2965,810,4759,3698,6920,809,469,738,4137,2998,4927,2925,0,857,5256,4397,849,2795,0,1649,3113,2076,614,482
4940,11656,4142,1576,4315,703,2189,1302,2978,365,365,365,365,365,365,20887,822,1584,622,679,1046,681,49626,1669,1221,946,1371,902,902,5226,3735,1432,3464,928,915,4038,902,1612,904,621,1007,1748,681,1201,4038,1445,2931,1429,4856,5667,11658,886,543,818,3675,3183,7837,2890,0,851,7302,5765,892,2984,0,1494,3252,2067,608,0
3930,10770,4116,1510,3772,676,1628,1255,2530,322,322,322,322,322,322,18452,752,1339,557,615,958,622,43898,1438,1176,863,1232,790,799,5637,3557,835,3141,804,825,3680,799,1327,820,513,1044,1585,622,1211,3640,1160,2774,828,4871,4495,8466,834,490,762,2912,2735,7421,2613,0,960,7603,4952,762,2938,279,1484,2804,1743,684,904
2559,7216,3889,761,2897,528,1122,635,2394,327,327,330,330,330,330,16634,727,591,618,717,998,719,37042,1141,980,795,1440,947,949,4584,2901,580,2524,966,964,2773,949,1010,955,425,839,1362,719,853,2385,878,2744,577,4180,5620,6688,765,351,703,2733,2496,5392,1988,0,777,5777,3612,532,2683,225,1160,2553,1715,541,575
1982,7151,3241,644,2685,642,939,535,2367,353,353,356,356,356,356,16769,746,492,587,659,957,658,37523,685,957,764,1309,821,833,3872,3056,667,2253,838,886,2748,833,604,867,518,952,2271,658,796,2221,492,2646,664,4546,4261,7699,800,403,749,2573,2519,4997,0,1820,854,4939,3026,351,3389,225,1279,2573,1714,377,479
3778,11624,3984,1312,3708,660,1237,1105,2598,342,342,342,342,342,342,19633,735,1090,531,621,940,616,45547,974,1189,918,1233,815,815,3926,3979,933,2809,824,828,4188,815,861,815,626,1094,1883,616,1204,3466,709,2872,931,5491,5929,8590,823,525,736,2859,3207,7261,2606,0,1001,7359,4333,733,4285,271,1592,3298,1880,413,594
4408,10410,3727,1297,3884,623,1669,1063,2837,333,333,334,334,334,334,20506,813,1129,621,711,1040,713,47626,878,1058,894,1433,935,939,4148,3450,961,2774,948,956,3831,939,816,950,989,1075,2011,713,1099,3591,700,3536,958,6272,5136,7858,810,547,717,3187,3545,6730,2645,0,1094,6376,3556,867,3862,318,1674,3649,2055,603,697
4858,9881,4215,1357,3674,595,1542,1097,2749,335,335,335,335,335,335,20188,1019,1210,775,882,1266,884,43821,798,1099,803,1763,1140,1147,4574,3489,887,2661,1151,1184,4483,1147,718,1168,558,1166,2337,884,1088,3832,565,3346,886,5285,4217,8475,854,723,773,3574,3277,7888,2652,0,1340,7001,4048,715,3997,0,1597,3383,1934,573,918
3403,10344,3374,1320,3353,623,1266,1056,2998,334,334,335,335,335,335,20064,733,1273,495,563,858,562,43269,958,1130,893,1127,741,743,3532,3641,801,2666,784,754,2170,743,736,748,507,1098,2030,562,1068,3674,621,3240,801,5038,4136,8642,742,593,682,2871,3120,4183,2644,0,849,4214,5092,690,3355,239,1473,3243,2026,385,788
3384,10140,4861,1217,3418,662,1327,972,3424,356,356,362,362,362,362,22495,677,1041,485,543,802,554,46300,685,1156,984,1101,728,730,6000,3752,844,2760,765,731,1794,730,626,736,627,1089,2158,554,1085,3216,503,3153,843,5857,3993,9194,825,493,724,2949,4073,3718,2660,0,1066,3771,4873,740,3532,313,1370,4212,2461,458,678
2251,7096,4459,721,2577,590,849,567,2945,338,338,339,339,339,339,19869,0,514,0,0,0,0,46090,1007,1029,839,0,0,0,4607,2985,656,3061,0,0,1415,0,799,0,571,1246,1689,0,766,0,674,2561,656,6920,2741,8977,969,412,841,0,3329,2781,0,0,938,3624,3534,421,2627,328,1073,3427,2028,349,422
0,6184,3630,561,2423,757,796,457,2433,350,350,351,351,351,351,16350,0,408,0,214,0,217,39917,901,939,722,430,286,286,4291,2622,570,2442,0,0,2038,0,665,0,480,1015,1570,0,736,0,579,2317,570,4878,2318,7371,792,355,691,0,2620,3749,0,0,920,3645,2693,0,2365,0,1021,2676,1660,640,437
3535,10108,4033,1293,3268,685,1233,1032,2717,341,341,342,342,342,342,21182,772,1102,600,680,975,680,52214,820,1056,853,1359,880,884,4476,3420,857,3048,899,912,4556,884,746,903,530,1043,1924,680,1030,3884,655,2826,854,6080,4092,11388,850,454,723,3175,3599,7754,2531,0,1029,7380,3128,666,3065,268,1571,3724,1876,554,602
3628,9402,3741,1232,3631,715,1474,958,0,326,326,328,328,328,328,19844,686,1095,479,555,874,554,48306,674,1197,842,1107,738,738,3998,3350,983,2965,753,746,2169,738,579,738,554,1077,1562,554,1005,3657,480,3008,982,5660,4013,8703,941,483,835,3601,3164,4235,0,0,844,4892,4157,645,2553,0,1427,3261,1896,485,602
3534,8554,4926,1205,3172,577,1150,991,0,329,329,332,332,332,332,19121,836,1025,659,715,1059,714,50104,1190,949,747,1450,954,954,3869,3052,840,2848,970,973,2775,954,1076,957,441,1132,2509,714,899,3603,988,2584,838,5944,3767,10894,737,437,625,3722,3218,5639,2506,0,1104,5874,3788,747,3552,291,1243,3323,1645,421,507
6386,8731,5455,1165,3509,836,1327,894,0,316,316,317,317,317,317,19401,0,1130,0,0,0,0,60019,1559,1051,810,0,0,0,3479,3134,760,3762,0,0,2437,0,1506,0,0,1255,2658,0,965,3299,1349,0,757,6890,3933,12418,992,449,891,0,3398,4510,0,0,1098,5085,4816,701,3865,332,1395,3491,1827,331,0
5707,8323,5634,1103,3093,969,1046,746,0,320,320,320,320,320,320,18425,0,810,0,0,0,0,59672,966,964,812,0,0,0,3178,2943,626,3658,0,0,1878,0,876,0,676,1248,3002,0,859,2940,775,0,622,6852,3241,12945,870,395,775,0,3189,3800,0,0,1205,4475,4072,611,4380,305,1330,3270,1734,410,564
3735,7072,5044,614,4806,812,2805,486,2440,294,294,295,295,295,295,18157,0,547,0,0,0,0,56914,1039,1072,862,0,0,0,4135,2981,553,3456,0,0,1212,0,958,0,488,1245,3052,0,907,0,844,2811,551,6264,0,13933,850,322,775,0,2929,2608,0,0,967,3189,3174,0,4234,0,1082,3014,1673,276,0
2787,6487,4405,629,2473,739,791,489,2324,321,321,322,322,322,322,17084,0,409,0,0,0,0,51644,804,962,754,0,0,0,3970,2652,533,3274,0,0,1404,0,684,0,409,1056,2552,0,793,0,551,2332,532,5442,0,12649,840,328,775,0,2868,2604,0,0,883,3249,2786,0,3571,0,1023,2932,1699,382,0
4054,8583,5204,1290,3256,850,1249,1047,2568,294,294,295,295,295,295,19039,0,958,0,0,0,0,51316,713,1136,872,0,0,0,3068,3199,783,3304,0,0,1629,0,645,0,461,1066,1639,0,1030,3179,547,2641,782,5431,3842,10550,826,410,778,0,3150,3074,2714,0,812,3955,2877,706,2849,251,1487,3231,1774,446,468
4321,7355,5108,1091,2864,610,984,864,0,304,304,304,304,304,304,17034,0,920,0,0,0,0,45973,918,1085,816,0,0,0,2849,2791,711,2591,0,0,1167,0,685,0,494,912,1973,0,866,3077,594,3067,710,5064,2955,9106,637,377,591,0,2849,2770,0,0,696,3322,2822,641,3262,217,1181,2909,1620,393,568
4574,5489,5084,1049,3183,696,1173,872,0,309,309,311,311,311,311,17243,492,878,268,0,501,0,51979,939,0,0,0,0,0,3230,0,664,2828,0,0,965,0,753,0,562,1053,2137,0,542,3300,646,0,662,5995,3274,11792,881,414,812,0,2858,0,0,0,1015,3470,3273,637,3431,0,1243,2947,1677,397,0
4345,5492,4923,1073,2932,699,874,882,0,293,293,297,297,297,297,16997,506,810,0,293,507,289,58712,992,0,0,558,366,366,3057,0,781,3570,0,0,1102,0,825,0,684,1362,3070,0,0,2989,715,0,781,7847,3324,13727,864,402,784,0,2678,2820,0,0,1451,3339,3095,638,4579,340,1268,2811,1667,404,0
2935,3319,4007,1084,3233,672,1222,938,0,326,326,329,329,329,329,18339,630,712,324,267,707,301,50585,737,0,0,595,372,383,4293,0,811,2966,0,0,984,0,667,0,463,1262,1793,0,0,2627,580,2685,810,5616,3010,10867,1120,360,824,0,3016,0,0,0,918,3366,2651,643,3237,0,1265,3115,1643,348,558
0,0,3659,585,2365,564,680,455,0,336,336,338,338,338,338,16287,416,424,256,280,686,271,42806,574,0,0,552,357,358,3132,0,565,2488,0,0,820,0,488,0,410,978,2432,0,0,0,428,2155,562,4622,0,9910,894,358,785,0,2741,0,0,0,731,2627,2069,401,3596,0,829,2871,1474,238,380
0,0,3606,648,2773,772,1055,539,2530,378,378,378,378,378,378,18416,482,0,309,344,664,346,50978,737,0,0,675,443,443,3373,0,537,2878,462,460,1163,443,676,447,497,1038,2452,0,0,2305,615,0,534,5277,2341,11107,859,333,771,2344,3040,0,0,0,851,3333,2728,0,3367,0,982,3130,1814,470,0
0,0,3134,861,3138,654,1275,676,0,278,278,279,279,279,279,16483,0,691,0,0,0,0,45527,804,683,0,0,0,0,4069,0,692,2917,0,0,715,0,672,0,0,1036,1780,0,0,2807,586,0,692,4555,2890,9123,669,315,623,0,2835,0,0,0,760,0,3887,583,2839,0,1397,2933,1593,371,1073
3566,0,3290,946,3421,0,1446,759,0,0,0,0,0,0,0,16043,0,804,0,0,0,0,45357,628,0,0,0,0,0,7418,0,700,2832,0,0,1176,0,529,0,0,881,1481,0,0,3045,476,0,700,5007,3643,8259,716,301,636,0,2660,3729,0,0,785,3641,3107,721,2712,0,1649,2723,1561,303,2388
4945,3456,3495,1013,3701,654,1265,791,0,321,321,323,323,323,323,17017,0,793,0,0,0,0,54565,650,0,0,0,0,0,3844,0,687,3518,475,0,1257,0,537,0,535,1027,2899,0,0,3487,490,0,685,5672,3355,12387,835,295,770,0,2768,3338,0,0,945,3511,0,655,4600,256,1547,2867,1624,305,921
4192,2889,3817,972,3275,631,1249,748,0,337,337,338,338,338,338,18301,0,767,0,0,0,0,48285,529,0,0,0,0,0,2974,0,768,2864,0,0,952,0,452,0,536,1077,1719,0,0,3280,390,0,767,5601,3542,9459,811,345,724,0,3131,2678,0,0,871,3322,2882,725,2954,226,1458,3242,1572,340,578
3496,2602,4059,871,3021,614,1013,675,0,336,336,338,338,338,338,17981,0,722,0,0,0,0,49294,499,0,0,0,0,0,2903,0,719,3108,0,0,743,0,0,0,474,1169,2005,0,0,2880,368,2575,718,5873,3088,9167,822,355,715,0,3044,0,0,0,1080,2907,2579,601,3442,271,1325,3154,1342,339,0
2925,0,2349,496,2132,418,535,400,0,308,308,310,310,310,310,12485,0,0,0,0,0,0,36085,0,0,0,0,0,0,1946,0,407,2138,0,0,746,0,0,0,0,848,1453,0,0,0,0,0,407,4195,1927,6546,735,249,658,0,2151,0,0,0,698,2071,1947,0,2574,0,967,2243,944,218,406
3478,0,2692,526,2690,624,509,421,0,351,351,356,356,356,356,16011,0,0,0,0,0,0,49607,0,0,0,0,0,0,2453,0,486,2709,0,0,890,0,0,0,614,1051,2786,0,0,0,0,0,486,6919,0,9665,830,0,760,0,2668,0,0,0,1150,2696,0,0,4179,0,886,2753,1302,416,0
3929,0,3599,736,3269,587,797,566,0,314,314,314,314,314,314,17536,0,621,0,0,0,0,47953,0,0,0,0,0,0,0,0,797,2806,0,0,1139,0,0,0,571,981,1738,0,0,2969,0,0,795,5398,3803,10142,653,345,569,0,3091,2689,0,0,852,3693,0,620,3053,0,1301,3183,1489,406,525
3929,0,2976,853,3609,573,741,592,0,307,307,307,307,307,307,17295,0,686,0,0,0,0,45276,922,0,0,0,0,0,2990,0,650,2725,0,0,1620,0,0,0,495,935,1455,0,0,3342,341,0,649,5170,3473,7741,708,291,640,0,3000,3753,0,0,810,4354,0,686,3352,0,1304,3104,1651,361,546
3114,0,2616,825,2807,647,763,613,0,310,310,310,310,310,310,15496,0,789,0,0,0,0,40761,0,0,0,0,0,0,3136,0,635,2567,0,0,1031,0,0,0,0,930,1311,0,0,3102,0,0,634,4932,3193,6523,821,0,755,0,2571,0,0,0,810,3583,0,568,2973,0,1095,2668,1334,352,0
3395,0,2866,862,2725,603,644,650,0,329,329,331,331,331,331,17825,0,689,0,0,0,0,47096,0,0,0,0,0,0,3639,0,614,3142,0,0,927,0,0,0,479,1063,1221,0,0,3232,307,0,610,5492,3459,8044,883,257,793,0,2951,0,0,0,918,4113,0,663,2440,0,1271,3089,1479,462,0
4358,0,0,-1,2689,-1,-1,-1,0,-1,-1,-1,-1,-1,-1,17943,0,-1,0,0,0,0,49330,0,0,0,0,0,0,3369,0,-1,-1,0,0,-1,0,0,0,-1,-1,-1,0,0,2654,0,0,-1,-1,3007,-1,-1,0,-1,0,-1,2869,0,0,-1,3862,2659,-1,-1,0,-1,-1,-1,-1,-1
1938,0,1988,483,2137,421,492,387,0,331,331,334,334,334,334,14614,0,0,0,0,0,0,39332,0,0,0,0,0,0,2403,0,516,2072,0,0,579,0,0,0,0,868,1360,0,0,0,0,0,515,4617,2154,7629,791,0,722,0,2279,0,0,0,827,2675,2384,0,2506,0,928,2343,1212,305,461
0,0,2642,436,0,479,458,337,0,360,360,362,362,362,362,14504,0,0,0,0,0,0,41520,0,0,0,0,0,0,2214,0,423,2193,0,0,881,0,0,0,0,930,1439,0,0,0,0,0,417,5130,2232,8052,803,0,717,0,2254,0,0,0,933,3430,0,470,2379,0,815,2323,1233,356,0
2821,0,2842,747,2615,501,648,587,0,338,338,341,341,341,341,17008,0,627,0,0,0,0,40598,0,0,0,0,0,0,3920,0,680,2282,0,0,764,0,0,0,0,965,1324,0,0,2494,264,0,680,4950,3354,6856,897,256,833,0,2839,0,0,2516,867,3116,0,683,2969,0,1281,2997,1410,399,1052
0,0,0,916,0,505,641,706,0,338,338,338,338,338,338,17794,0,712,0,0,0,0,39032,0,0,0,0,0,0,3449,0,710,2643,0,0,789,0,0,0,473,1079,1078,0,0,3042,280,0,708,4686,3413,5428,729,282,656,0,2807,0,0,0,805,3510,0,691,2661,0,1359,3005,1531,376,614
0,0,0,1006,0,546,639,700,0,344,344,345,345,345,345,19235,0,696,0,0,0,0,42075,484,0,0,0,0,0,3730,0,884,2378,0,0,710,0,444,0,471,998,1168,0,0,2761,391,0,882,5153,3259,7177,949,245,843,0,3062,0,0,2693,744,3193,0,683,2526,0,1250,3217,1614,315,690
2658,0,2650,820,2524,570,599,610,0,265,265,267,267,267,267,19714,0,622,0,0,0,0,46240,540,0,0,0,0,0,3045,0,725,2573,0,0,681,0,484,0,0,951,1592,0,0,2609,445,0,724,4967,3355,9117,838,295,668,0,3391,0,0,2489,827,3389,0,628,2916,0,1469,3573,1554,342,593
2719,0,0,752,0,513,518,568,0,294,294,295,295,295,295,17865,0,527,0,0,0,0,39602,0,0,0,0,0,0,3107,0,576,2205,0,0,822,0,0,0,483,906,1201,0,0,2505,314,0,575,4665,2932,7120,761,0,694,0,2780,0,0,2622,826,3121,0,606,2166,0,1291,2969,1448,342,604
0,0,2038,461,0,511,0,369,0,284,284,286,286,286,286,14318,0,0,0,0,0,0,32940,381,0,0,0,0,0,2686,0,384,1887,0,0,1069,0,0,0,358,759,1206,0,0,0,286,0,383,4029,0,6231,693,0,594,0,2310,1893,0,2150,683,3272,0,0,2146,0,995,2455,1153,329,377
0,0,1781,404,0,473,397,318,1821,299,299,301,301,301,301,14014,0,0,0,0,0,0,32809,412,0,0,0,0,0,2252,0,0,1865,0,0,664,0,365,0,0,844,1374,0,0,0,325,1856,333,4018,1836,5874,830,201,738,0,2524,0,0,2104,715,2509,0,0,2375,0,668,2630,1331,399,411
0,0,0,818,2658,0,655,643,0,0,0,0,0,0,0,16870,0,517,0,0,0,0,38709,0,0,0,0,0,0,0,0,564,2262,0,0,1257,0,0,0,0,825,1338,0,0,2753,363,0,564,4386,3036,5831,642,298,589,0,2873,2714,0,0,779,3571,0,0,2519,0,1186,3022,1359,339,0
0,0,0,624,0,0,533,442,0,295,295,296,296,296,296,16075,0,516,0,0,0,0,32784,768,0,0,0,0,0,0,0,557,2157,0,0,1776,0,674,0,527,844,906,0,0,0,618,0,556,4316,2715,4399,648,324,566,0,2734,4079,0,2719,709,4225,2766,553,2069,0,1337,2862,1237,289,516
0,0,0,725,0,0,634,530,0,316,316,319,319,319,319,16149,0,595,0,0,0,0,36562,0,0,0,0,0,0,3211,0,698,2248,0,0,2352,0,0,0,508,853,1116,0,0,0,0,0,695,4778,3043,5598,607,273,543,0,2639,5327,0,0,748,5256,0,693,2321,0,1214,2788,1368,335,0
0,0,0,660,0,0,526,519,0,294,294,296,296,296,296,15256,0,0,0,0,0,0,34794,0,0,0,0,0,0,2953,0,572,1940,0,0,1836,0,0,0,0,708,1017,0,0,0,0,0,572,4539,2986,5226,593,358,523,0,2274,3739,0,0,662,5905,3175,591,2272,0,1147,2420,1229,328,534
0,0,0,526,0,409,502,406,0,253,253,253,253,253,253,15583,0,440,0,0,0,0,36829,0,0,0,0,0,0,2635,0,597,2304,0,0,1111,0,0,0,435,933,1825,0,0,0,0,0,596,4210,2450,6638,686,257,621,0,2608,2492,0,0,662,3487,2537,498,3176,0,1203,2757,1186,296,617
0,0,0,0,0,361,376,256,0,279,279,280,280,280,280,14298,0,0,0,0,0,0,31528,0,0,0,0,0,0,2720,0,497,1811,0,0,604,0,0,0,397,739,1389,0,0,0,0,0,496,3435,0,5056,771,237,668,0,2382,0,0,1946,481,2192,0,0,2145,0,791,2544,1181,465,0
2312,0,0,407,0,0,0,350,0,279,279,280,280,280,280,13150,0,0,0,0,0,0,33669,0,0,0,0,0,0,2114,0,0,1675,0,0,944,0,0,0,412,563,1086,0,0,0,0,0,353,4067,0,4885,622,0,521,0,2039,0,0,0,634,2893,0,0,1821,0,642,2148,1034,376,0
2372,0,0,649,2967,0,516,450,0,303,303,304,304,304,304,15725,0,0,0,0,694,0,34433,0,0,0,0,0,0,2397,0,650,1923,0,0,943,0,0,0,481,754,1112,0,0,2445,0,0,649,4008,2918,5913,730,0,644,0,2625,0,0,0,634,2947,0,528,2247,0,1292,2764,1297,427,0
2319,0,0,693,2386,501,480,556,0,288,288,290,290,290,290,15020,0,509,0,0,0,0,33712,0,0,0,0,0,0,2606,0,601,2055,0,0,1588,0,0,0,0,722,956,0,0,2636,0,0,601,3931,2881,4951,581,253,509,0,2392,3639,0,2551,673,4340,0,519,1873,0,1623,2543,1209,328,494
2182,0,0,718,0,469,534,548,0,289,289,292,292,292,292,15152,0,441,0,0,0,0,31355,0,0,0,0,0,0,2424,0,621,1720,0,0,1181,0,0,0,0,717,868,0,0,2651,0,0,621,3914,2735,4659,505,0,446,0,2388,2381,0,0,604,4740,0,542,1784,0,1408,2550,1246,309,492
0,0,0,881,0,444,554,702,0,310,310,314,314,314,314,15946,0,481,0,0,0,0,32864,0,0,0,0,0,0,2554,0,644,2065,0,0,825,0,0,0,468,758,868,0,0,2508,0,0,643,3905,2786,4895,641,258,569,0,2229,0,0,0,681,3619,0,554,1843,0,1131,2379,1174,508,0
0,0,0,667,0,0,471,507,0,276,276,279,279,279,279,17801,0,448,0,0,0,0,33651,0,0,0,0,0,0,2579,0,576,1988,0,0,762,0,0,0,429,670,830,0,0,2358,0,0,575,3767,2586,5511,552,323,474,0,3563,0,0,2361,666,3047,0,524,1873,0,1094,3677,1180,403,0
0,0,0,371,1685,333,366,295,0,0,0,0,0,0,0,12816,0,0,0,0,420,0,26332,0,0,0,381,235,238,5539,0,421,1476,0,0,400,0,0,0,0,579,790,0,0,0,0,0,420,3318,0,3813,560,0,519,0,1851,0,0,1855,583,1786,1755,0,1634,0,1240,1967,1077,1097,0
0,0,0,0,1893,424,0,257,0,0,0,0,0,0,0,14210,0,0,0,234,514,229,32969,0,0,0,459,302,302,4088,0,0,1827,0,0,470,0,0,0,360,660,804,0,0,1732,0,0,316,3468,0,6064,535,0,479,0,2706,0,0,1838,632,1786,0,0,1600,0,890,2847,993,864,407
0,0,0,714,2201,406,511,521,0,0,0,0,0,0,0,17655,0,459,0,0,405,0,34344,0,0,0,0,0,0,3069,0,627,1903,0,0,711,0,0,0,418,668,1068,0,0,2707,0,0,624,3738,2671,6262,550,0,480,0,3356,0,0,0,835,2708,0,458,1957,0,1233,3515,1278,598,517
0,0,0,677,2664,484,548,529,0,0,0,0,0,0,0,17697,0,482,0,0,0,0,40757,0,0,0,0,0,0,3080,0,823,2005,0,0,695,0,0,0,484,771,2082,0,0,2402,0,0,822,4787,3186,7674,542,0,488,0,3039,0,0,2834,678,2590,0,563,3496,0,1302,3204,1271,449,721
0,0,0,683,2057,418,444,542,0,0,0,0,0,0,0,15697,0,535,0,0,0,0,31390,0,0,0,0,0,0,2920,0,789,1659,0,0,496,0,0,0,466,756,1164,0,0,2500,0,0,789,4298,2443,4710,636,0,572,0,2504,0,0,2369,727,2349,0,595,2316,0,1390,2640,1185,380,1165
0,0,0,632,0,0,538,523,0,0,0,0,0,0,0,15383,0,416,0,0,436,0,31894,0,0,0,0,239,242,4881,0,981,1723,0,0,766,0,0,0,510,772,975,0,0,2438,0,0,981,4107,2674,4407,634,0,547,0,2301,0,0,2565,872,2525,0,528,2392,0,1313,2435,1215,337,547
0,0,0,643,0,358,427,490,0,0,0,0,0,0,0,15586,0,353,0,0,0,0,29678,0,0,0,0,0,0,2280,0,569,1507,0,0,655,0,0,0,410,605,1057,0,0,2018,0,0,567,3920,2361,4312,605,231,535,0,2477,0,0,2497,654,2409,0,435,2099,0,968,2602,1208,317,527
0,0,0,353,1508,326,358,215,0,0,0,0,0,0,0,12565,0,0,0,0,0,0,23232,0,0,0,0,0,0,1797,0,314,1263,0,0,504,0,0,0,356,553,1140,0,0,0,0,0,311,3023,0,3927,516,167,454,0,2284,0,0,1966,513,1462,0,0,1924,0,686,2384,885,274,359
0,0,0,355,1612,345,327,244,0,0,0,0,0,0,0,11887,0,0,0,0,0,0,25085,0,0,0,0,0,0,1678,0,331,1444,0,0,465,0,0,0,390,663,867,0,0,0,0,0,331,3238,0,3582,633,0,571,0,1908,0,1634,2119,563,1706,0,0,1744,0,795,2017,903,340,332
0,0,0,534,2348,0,462,401,0,0,0,0,0,0,0,14912,0,401,0,0,0,0,31537,0,0,0,0,0,0,0,0,503,1805,0,0,818,0,0,0,475,733,993,0,0,2523,0,0,501,3772,2600,4368,619,219,498,0,2393,2123,2052,2780,615,2960,0,589,2662,0,1040,2526,1154,315,0
0,0,0,778,2267,379,416,448,0,0,0,0,0,0,0,15109,0,511,0,0,0,0,31789,0,0,0,0,0,0,2068,0,534,1930,0,0,742,0,0,0,407,836,961,0,0,2227,0,0,530,3904,3124,4367,651,227,577,0,2327,0,0,2723,668,2415,0,544,1924,0,977,2461,1198,366,0
0,0,0,654,2163,0,544,473,0,0,0,0,0,0,0,14689,0,473,0,0,0,0,29889,0,0,0,0,0,0,2200,0,542,1671,0,0,665,0,0,0,363,718,928,0,0,2062,0,0,538,3748,3072,4134,693,250,620,0,2391,0,0,2512,653,2184,0,537,1931,0,1130,2518,1008,320,502
0,0,0,567,1827,302,480,440,0,0,0,0,0,0,0,14130,0,408,0,0,0,0,27251,0,0,0,0,0,0,1683,0,500,1472,0,0,624,0,0,0,299,619,851,0,0,1852,0,0,489,3557,2568,3821,656,184,596,0,2115,0,0,2422,726,1886,0,554,1640,0,905,2242,1006,216,0
0,0,0,487,2041,318,530,363,0,0,0,0,0,0,0,14484,0,343,0,0,0,0,29576,0,0,0,0,0,0,2031,0,494,1832,0,0,742,0,0,0,0,686,973,0,0,2131,0,0,494,3507,2505,4382,682,216,606,0,2250,0,0,2436,667,2050,0,462,1590,0,1015,2375,1048,231,0
0,0,0,332,1741,0,334,250,0,0,0,0,0,0,0,11780,0,0,0,0,0,0,25438,0,0,0,0,0,0,1725,0,294,1519,0,0,567,0,0,0,0,636,829,0,0,0,0,0,294,3356,1588,4004,767,180,681,0,1889,0,0,2046,510,1690,1539,0,1395,0,636,1981,882,275,0
0,0,0,0,1816,0,0,0,0,0,0,0,0,0,0,11218,0,0,0,0,0,0,24205,942,0,0,0,0,0,0,0,384,1411,0,0,814,0,0,0,330,644,734,0,0,0,0,0,383,3131,0,3710,534,190,470,0,1842,0,0,1653,428,1919,0,0,1411,0,530,1963,870,301,0
0,0,0,503,2068,0,433,363,0,0,0,0,0,0,0,14595,369,375,206,0,449,0,29312,0,0,0,415,272,272,0,0,516,1728,0,0,617,0,0,0,383,718,818,0,0,2242,0,0,516,3613,2537,3970,668,233,578,0,2254,0,0,2469,625,2926,0,642,1603,0,1013,2399,1163,290,385
0,0,0,552,2157,0,562,420,0,0,0,0,0,0,0,16195,512,389,0,0,430,0,32990,0,0,0,442,285,286,0,0,568,1669,0,0,536,0,0,0,0,722,1036,0,0,2658,0,0,565,3657,2305,4506,498,265,446,0,2339,0,0,2371,750,2517,0,427,1707,0,1133,2454,1125,236,548
0,0,0,520,1858,365,504,373,0,0,0,0,0,0,0,14302,0,375,0,0,0,0,29870,0,0,0,0,0,0,0,0,547,1640,0,0,414,0,0,0,0,845,764,0,0,2382,0,0,547,3539,2000,4441,635,217,569,0,2281,0,0,1978,653,1871,0,430,1350,0,1026,2405,1015,232,362
0,0,0,561,2106,0,653,436,0,0,0,0,0,0,0,14211,0,412,0,0,0,0,30326,0,0,0,0,0,0,0,0,522,1875,0,0,0,0,0,0,0,963,837,0,0,2277,0,0,522,3851,2253,4080,686,271,583,0,2236,0,0,3280,656,2159,0,469,1666,0,998,2353,1023,0,0
0,0,0,512,1902,0,457,343,0,0,0,0,0,0,0,13886,0,0,0,0,0,0,29656,0,0,0,0,0,0,0,0,434,1772,0,0,371,0,0,0,0,752,792,0,0,2097,0,0,433,3568,1852,4734,622,224,542,0,2108,0,0,2467,658,1964,2184,409,1543,0,804,2226,1009,0,430
0,0,0,319,1591,0,428,0,0,0,0,0,0,0,0,10870,0,0,0,0,355,194,25722,0,0,0,373,235,235,1430,0,0,1272,0,0,691,0,0,0,307,513,856,0,0,0,0,0,283,3118,0,4240,621,0,552,0,1667,1434,0,1679,543,1906,2652,0,1406,0,624,1758,887,223,0
0,0,0,0,1764,0,343,0,0,0,0,0,0,0,0,11291,0,0,0,0,0,0,27325,0,0,0,0,0,0,1496,0,0,1442,0,0,562,0,0,0,0,514,932,0,0,0,0,0,231,3174,0,5353,578,217,497,0,2043,0,0,2557,524,1643,1585,0,1330,0,570,2130,844,0,0
0,0,0,586,1898,0,401,394,0,0,0,0,0,0,0,14799,0,365,0,0,0,0,31816,0,0,0,0,0,0,0,0,505,1752,0,0,603,0,0,0,399,668,746,0,0,0,0,0,505,3631,1883,5606,509,304,465,0,2330,0,0,2184,595,1993,1869,383,1512,0,1029,2468,1079,0,390
0,0,0,432,1721,0,418,312,0,0,0,0,0,0,0,11981,0,358,0,0,0,0,23937,0,0,0,0,0,0,1741,0,408,1226,0,0,571,0,0,0,328,486,630,0,0,1728,0,0,408,2950,1618,3452,485,219,446,0,1994,0,0,1673,548,1790,0,330,1428,0,922,2099,950,227,355
0,0,0,641,2292,0,577,480,0,0,0,0,0,0,0,13897,0,444,0,0,0,0,27326,0,0,0,0,0,0,0,0,520,1528,0,0,646,0,0,0,0,590,804,0,0,0,0,0,519,3415,2458,3781,584,0,503,0,2034,0,0,0,690,2205,0,468,2038,0,972,2159,1025,0,578
0,0,0,570,2007,0,493,419,0,0,0,0,0,0,0,13427,0,0,0,0,0,0,27380,0,0,0,0,0,0,0,0,0,1525,0,0,511,0,0,0,0,566,986,0,0,2099,0,0,362,3300,2254,3782,727,246,634,0,2073,0,0,2070,525,0,0,0,1770,0,891,2163,997,0,395
0,0,0,554,1734,0,443,388,0,0,0,0,0,0,0,12973,0,0,0,0,0,0,25881,0,0,0,0,0,0,1750,0,513,1384,0,0,503,0,0,0,0,622,916,0,0,1742,0,0,513,3379,1770,3837,548,233,468,0,2044,0,0,1986,609,2001,0,428,1909,0,920,2157,981,0,0
0,0,1317,282,1564,301,316,216,0,0,0,0,0,0,0,9997,0,0,0,0,0,0,23621,0,0,0,0,0,0,1480,0,0,1296,0,0,472,0,0,0,368,543,990,0,0,0,0,0,254,3017,0,4218,521,0,448,0,1455,0,0,1717,494,1521,0,0,1691,0,461,1533,797,0,0
0,0,1436,323,1587,358,309,224,0,0,0,0,0,0,0,9952,0,0,0,173,305,171,27215,0,0,0,349,230,230,1463,0,261,1740,0,0,640,0,0,0,303,593,1174,0,0,0,0,0,260,3581,0,3907,789,166,694,0,1574,1412,0,1676,664,1779,0,0,2046,0,561,1661,775,209,0
0,0,0,495,1876,431,482,346,0,0,0,0,0,0,0,14093,0,381,0,0,322,0,29889,0,0,0,0,190,190,2645,0,324,1566,0,0,1171,0,0,0,0,517,884,0,0,1651,0,0,322,3120,1888,4623,633,228,569,0,2428,2112,0,2257,513,4376,0,369,1572,0,601,2534,1095,225,0
0,0,2393,607,2385,0,523,416,0,0,0,0,0,0,0,13127,0,496,0,0,0,0,37144,0,0,0,0,0,0,0,0,560,2187,0,0,1167,0,0,0,0,757,1009,0,0,2040,0,0,559,4370,2198,5822,577,0,512,0,2036,2074,0,2990,640,3473,0,439,1786,0,958,2141,993,270,410
0,0,0,612,0,0,0,451,0,0,0,0,0,0,0,11316,0,448,0,0,0,0,28325,0,0,0,0,0,0,0,0,0,1707,0,0,810,0,0,0,0,663,852,0,0,0,0,0,414,3307,2536,4166,588,250,506,0,1721,0,0,2874,525,2649,0,0,1980,0,743,1832,875,0,0
0,0,0,515,0,0,0,369,0,0,0,0,0,0,0,11477,0,0,0,0,0,0,27748,0,0,0,0,0,0,0,0,0,1567,0,0,559,0,0,0,431,744,829,0,0,0,0,0,371,3499,2981,4069,609,0,540,0,1769,0,0,2600,533,2675,0,0,1825,0,881,1854,886,0,0
0,0,0,462,2026,0,0,308,0,0,0,0,0,0,0,11239,376,0,245,269,486,260,28719,0,0,0,535,331,332,0,0,374,1689,0,0,693,0,0,0,0,653,924,0,0,2105,0,0,373,3778,2398,4724,625,236,562,2040,1731,0,0,2726,572,2192,0,0,1696,0,699,1813,851,219,0
0,0,0,370,1566,293,0,236,0,0,0,0,0,0,0,9677,440,0,343,374,566,383,22721,0,0,0,764,495,499,0,0,0,1241,521,497,594,500,0,507,0,599,707,383,0,1509,0,0,266,3067,1450,3212,639,182,559,2022,1431,0,0,1831,490,1739,0,0,1219,0,507,1498,728,0,0
0,0,0,480,0,282,0,276,0,0,0,0,0,0,0,9771,445,0,348,375,588,384,25751,0,0,0,765,494,498,0,0,0,1372,519,503,840,498,0,504,0,549,767,384,0,0,0,0,211,3117,0,4003,473,0,412,1742,1630,1688,0,1583,439,4586,0,0,1438,0,457,1700,744,225,0
0,0,0,538,1933,0,533,371,0,0,0,0,0,0,0,12577,596,433,441,535,762,542,29925,0,0,0,1059,686,690,0,0,419,1686,713,710,1112,690,0,711,0,659,983,542,0,2382,0,0,418,3978,2444,4374,606,314,536,2459,1962,1945,0,2053,574,4027,0,0,2026,0,958,2075,956,273,434
0,0,0,519,1990,0,477,377,0,0,0,0,0,0,0,9988,589,388,474,546,745,539,24477,0,0,0,1094,707,708,0,0,0,1288,728,733,924,708,0,724,0,570,657,539,0,2264,0,0,314,3080,2036,3198,481,0,418,2434,1423,1673,0,2073,405,2644,0,0,1423,0,629,1516,664,0,0
0,0,0,476,2478,0,576,339,0,0,0,0,0,0,0,11013,461,0,319,388,559,398,26627,0,0,0,794,523,523,0,0,433,1672,541,514,747,523,0,539,0,634,583,0,0,2187,0,0,432,3246,1966,3851,630,0,564,2053,1663,0,0,0,530,3062,0,468,1961,0,674,1773,745,0,433
0,0,0,522,2326,0,634,392,0,0,0,0,0,0,0,12801,0,0,335,373,611,380,29675,0,0,0,760,501,503,0,0,0,1770,525,0,753,0,0,0,0,759,779,0,0,2441,0,0,369,3481,0,4540,510,0,458,0,2014,0,0,2242,625,2847,0,0,1594,0,698,2104,860,0,0
0,0,0,416,2225,0,826,297,0,0,0,0,0,0,0,12439,510,0,401,405,680,411,28126,0,0,0,843,550,552,0,0,0,1615,576,556,2672,552,0,554,0,665,730,411,0,2127,0,0,345,3677,0,4057,599,0,540,2071,1973,4087,1954,2493,601,5591,0,0,1640,0,794,2072,906,0,0
0,0,0,0,1702,0,837,191,0,0,0,0,0,0,0,9476,605,0,536,539,788,540,20048,0,0,0,1077,704,705,1240,0,0,1072,723,760,1618,705,0,707,0,449,656,540,0,1438,0,0,0,3129,0,2391,400,0,362,1901,1518,2758,0,1617,394,3544,0,0,1210,0,431,1605,708,0,0
0,0,0,0,1828,0,861,0,0,0,0,0,0,0,0,9237,611,0,544,449,861,529,19766,0,0,0,1025,637,676,0,0,0,1053,654,640,1088,676,0,677,0,430,723,529,0,1411,0,0,229,2887,0,2835,491,209,436,1944,1477,1935,1328,1652,383,2538,0,0,1220,0,406,1583,739,195,269
0,0,0,524,2313,0,870,409,0,0,0,0,0,0,0,12633,383,0,251,244,458,0,28624,0,0,0,466,280,280,0,0,0,1526,0,0,1751,0,0,0,547,613,1012,0,0,2048,0,0,354,3754,2181,4728,451,0,360,0,2104,2872,0,2063,589,4211,0,0,1753,0,784,2242,930,288,536
0,0,0,518,2447,0,1038,352,0,0,0,0,0,0,0,12449,0,0,0,0,0,0,29186,0,0,0,0,0,0,0,0,0,1541,0,0,1768,0,0,0,0,755,693,0,0,2106,0,0,393,3616,0,4448,625,0,558,0,2067,3106,0,2269,539,3936,0,0,2587,0,790,2222,896,835,0
0,0,0,467,2364,0,952,326,0,0,0,0,0,0,0,12276,0,394,0,0,0,0,26236,0,0,0,0,0,0,0,0,443,1423,0,0,1696,0,0,0,0,745,803,0,0,2127,0,0,441,3513,0,3847,511,210,467,0,2030,3048,0,4004,494,3663,0,429,2042,0,685,2177,938,290,669
0,0,0,503,2318,0,995,341,0,0,0,0,0,0,0,12011,0,454,0,0,0,0,26420,0,0,0,0,0,0,0,0,0,1498,0,0,1969,0,0,0,0,673,831,0,0,2072,0,0,374,3471,2057,4085,584,309,516,0,2077,3427,0,3817,517,3837,0,420,2049,0,764,2181,912,0,0
0,0,0,515,1557,0,599,272,0,0,0,0,0,0,0,8469,0,0,0,0,0,0,22328,0,0,0,0,0,0,1384,0,338,1297,0,0,1295,0,0,0,0,473,579,0,0,1570,0,0,337,2710,1522,3479,492,0,418,0,1485,2497,0,2376,449,2563,0,335,1317,0,627,1558,572,0,0
0,0,0,0,1608,0,566,0,0,0,0,0,0,0,0,9135,0,0,215,0,369,0,21281,0,0,0,0,0,0,1326,0,0,1099,0,0,754,0,0,0,0,426,921,0,0,0,0,0,270,2729,0,3347,397,0,364,0,1310,1800,0,2116,449,1891,0,0,1630,0,589,1409,678,307,0
0,0,0,266,1507,224,557,180,0,0,0,0,0,0,0,8589,320,0,245,289,417,286,19374,0,0,0,562,359,359,0,0,247,1074,372,381,950,359,0,398,267,495,781,286,0,1215,0,1168,245,2567,1182,2649,478,178,418,1255,1400,2357,0,2726,416,2078,0,0,1334,0,475,1474,643,0,0
0,0,0,629,1873,0,680,443,0,0,0,0,0,0,0,12128,0,341,0,0,398,0,27627,0,0,0,418,271,271,0,0,395,1467,0,0,1735,0,0,0,0,676,789,0,0,2407,0,0,394,3476,2550,4384,500,0,435,1820,2005,4394,0,3308,607,3299,0,418,2823,0,696,2101,851,242,0
1792,0,0,594,1925,0,647,402,0,0,0,0,0,0,0,11223,0,413,0,0,0,0,25853,0,0,0,0,0,0,0,0,398,1403,0,0,1892,0,0,0,0,656,896,0,0,2270,0,0,396,3281,1999,4035,551,0,500,1844,1829,3261,0,2819,548,3486,0,439,1774,0,845,1936,764,0,0
0,0,0,504,1868,0,579,376,0,0,0,0,0,0,0,10639,0,361,0,0,0,0,24458,0,0,0,0,0,0,0,0,394,1404,0,0,1118,0,0,0,0,621,678,0,0,2117,0,0,394,3073,1871,3406,493,223,441,0,1642,2091,0,2483,513,2592,1582,395,1398,0,677,1738,810,0,0
0,0,0,432,2005,0,645,316,0,0,0,0,0,0,0,10191,0,0,0,0,0,0,24226,0,0,0,0,0,0,0,0,406,1447,0,0,993,0,0,0,0,563,760,0,0,1979,0,0,405,2887,1963,3728,461,0,404,0,1627,1896,0,3831,497,2682,0,362,1577,0,882,1708,786,0,0
0,0,0,0,0,0,0,0,0,0,0,0,0,0,0,7468,0,0,0,0,0,0,18121,0,0,0,0,0,0,0,0,0,1004,0,0,0,0,0,0,0,0,440,0,0,0,0,0,0,2078,0,2260,0,428,0,0,1130,0,0,3317,0,3421,0,0,1079,0,482,1197,0,0,0
0,0,0,0,0,0,0,0,0,0,0,0,0,0,0,7921,0,0,0,0,0,0,20939,0,0,0,0,0,0,0,0,0,1207,0,0,673,0,0,0,0,0,860,0,0,0,0,0,0,2473,0,2895,611,319,547,0,1258,0,0,2897,0,2421,0,0,1515,0,415,1335,582,0,0
0,0,0,0,1990,0,0,0,0,0,0,0,0,0,0,8316,0,0,0,0,0,0,22992,0,0,0,0,0,0,0,0,0,1240,0,0,676,0,0,0,0,473,1161,0,0,0,0,0,0,2830,0,3350,489,293,431,0,1190,2439,0,2797,0,2874,0,0,1688,0,433,1260,598,0,0
0,0,0,0,0,0,542,0,0,0,0,0,0,0,0,10244,0,0,0,0,0,0,26603,0,0,0,0,0,0,0,0,0,1652,0,0,907,0,0,0,0,624,781,0,0,0,0,0,0,2754,0,4108,0,370,381,0,1462,0,0,3457,535,3156,0,0,2026,0,629,1577,735,0,0
0,0,0,0,0,0,0,393,0,0,0,0,0,0,0,9954,0,0,0,0,0,0,24751,0,0,0,0,0,0,0,0,0,1417,0,0,956,0,0,0,0,686,747,0,0,0,0,0,0,2738,2718,3055,0,0,415,0,1471,0,0,3140,0,3964,0,0,2443,0,517,1584,744,0,0
0,0,0,592,0,0,564,395,0,0,0,0,0,0,0,10640,0,0,0,0,0,0,27096,0,0,0,0,0,0,0,0,0,1439,0,0,907,0,0,0,0,664,779,0,0,0,0,0,256,3057,0,4101,490,251,438,0,1601,0,0,2709,532,3218,0,0,2258,0,640,1698,776,0,0
0,0,0,444,0,0,486,341,0,0,0,0,0,0,0,10329,0,0,0,0,0,0,25859,0,0,0,0,0,0,0,0,0,1338,0,0,988,0,0,0,0,619,769,0,0,0,0,0,293,3077,0,4527,454,252,390,0,1606,1954,0,2791,465,4467,0,0,1631,0,502,1699,733,0,0
0,0,0,440,0,0,542,321,0,0,0,0,0,0,0,11254,0,0,0,0,0,0,28654,0,0,0,0,0,0,0,0,0,1591,0,0,1078,0,0,0,0,747,1003,0,0,0,0,0,305,3648,0,4567,522,216,482,0,1721,2103,0,2706,610,3266,0,0,2129,0,648,1822,756,0,0
0,0,0,0,1721,0,481,0,0,0,0,0,0,0,0,8648,0,0,0,0,0,0,26988,0,0,0,0,0,0,0,0,0,1242,0,0,976,0,0,0,0,557,1257,0,0,0,0,0,0,5504,0,4694,435,0,392,0,1425,1999,0,3014,551,2707,1658,0,1979,0,458,1496,580,234,0
0,0,0,0,1632,0,487,0,0,0,0,0,0,0,0,8343,0,0,0,0,0,0,22975,0,0,0,0,0,0,0,0,0,1176,0,0,816,0,0,0,0,484,861,0,0,0,0,0,0,3103,0,3373,439,0,399,0,1396,1681,0,3232,428,2296,0,0,1812,0,416,1475,584,0,0
0,0,0,622,2125,0,587,460,0,0,0,0,0,0,0,10327,0,0,0,0,0,0,26003,0,0,0,0,0,0,0,0,0,1687,0,0,1048,0,0,0,0,716,871,0,0,0,0,0,0,3158,2357,3842,473,231,423,0,1832,2212,0,4263,602,3333,0,424,2026,0,568,1939,702,0,0
