contre coronavirus,doctors nurses,ventilators,coronavirus covid2019,stayathome,fighting coronavirus,covid19 outbreak,confinement,nuevos,god bless,time coronavirus,stay home stay,front lines,fight coronavirus,active cases,staying home,covid2019,il faut,fighting,coronavirus il,coronavirus quarantine,new covid19,april,mil,coronavirus via,nuevos casos covid,virus covid19,dies coronavirus,fight,amid coronavirus crisis,supplies,isolation,nous,ago,april 2020,medical,vous,contagios,coronaviruspandemic,new covid19 cases,stay home,coronavirus outbreak,qu,last 24,contagios covid 19,the coronavirus,au coronavirus,listen,coronavirus vía,essential,care workers,health care,casos nuevos,sont,italia,il est,stay,weeks ago,โคว ด19,últimas 24,nuevos casos,stay safe,du coronavirus,nhs,petition via,new covid 19
389,643,0,0,4652,393,0,1986,0,458,366,355,0,2406,0,478,0,416,1750,487,639,0,0,0,1777,0,275,329,6098,198,0,2322,1964,1824,0,3630,2439,0,12216,0,4573,2915,2411,0,0,406,535,1914,653,1745,367,882,0,0,3209,348,10546,419,0,0,678,1632,1161,1629,827,246
500,431,0,0,2389,409,296,2260,0,491,518,427,0,1842,0,592,0,418,0,542,546,0,0,0,1919,0,304,0,5354,340,0,2246,2066,1744,0,4009,2686,0,4950,0,5777,3797,2494,0,0,447,594,2423,715,2646,403,917,0,0,2352,384,12938,409,375,0,891,1983,1336,0,558,353
383,391,0,398,2127,412,325,2116,0,555,421,536,324,2130,0,602,2027,421,0,583,506,0,0,0,1979,0,401,945,6018,350,0,1954,2006,1810,0,4170,2677,0,3919,0,5489,3759,2599,0,0,412,524,2336,820,2852,337,923,0,0,2410,434,12377,397,504,0,968,1908,1535,0,940,521
363,503,0,1175,0,361,443,1908,0,598,441,433,356,2065,0,544,7750,402,0,518,522,0,0,0,2200,0,296,739,5857,355,0,2251,2057,1797,0,4172,2563,0,2625,0,4356,3459,2545,0,0,422,614,1919,825,2669,371,915,0,0,2234,409,10724,343,353,0,856,1732,1362,2635,425,421
572,1167,3126,2357,3593,679,699,2691,0,878,671,628,671,3127,0,812,18005,523,2563,579,725,0,0,0,2850,0,502,778,9266,496,0,3234,2917,3176,0,7191,3875,0,8983,0,5796,4879,2803,0,0,575,732,2751,1116,3192,886,1851,0,0,3074,544,14855,679,855,0,937,2825,2101,5324,1489,486
548,917,5194,2451,2899,815,712,3407,0,969,656,570,670,3259,0,908,13324,499,3028,671,634,0,0,0,2913,0,546,683,9648,496,0,3259,2929,3202,0,7888,4111,0,4448,0,5719,5067,2985,0,0,624,800,2860,1175,2947,701,1935,0,0,3539,627,15280,862,726,455,1002,3011,2156,4108,1190,512
543,656,3076,1015,3169,542,497,3550,0,1009,589,568,537,3229,0,731,4063,577,2545,574,921,0,0,0,2499,0,569,514,10001,397,2317,3266,3060,2707,0,10472,3971,0,3398,0,5440,3534,3272,0,0,574,589,2443,896,2502,1082,1521,0,2530,3277,601,13862,680,525,410,970,2614,1677,3645,1371,581
518,810,3096,944,0,517,557,3248,0,941,591,435,516,3012,0,700,3098,543,0,579,879,0,3457,0,2587,0,467,1268,8941,386,3767,2633,2816,2916,0,7959,3621,0,3823,0,5294,3753,3113,0,0,565,603,2523,914,2459,808,1517,0,0,2910,596,13106,753,540,0,1080,2275,2095,3127,1053,483
572,896,2791,700,4551,561,661,3347,0,1031,650,608,954,3268,0,957,3002,527,0,616,854,0,4404,0,2691,190,485,1398,9919,420,3045,3592,2875,2792,0,8177,3785,0,3449,0,5979,4965,2943,0,0,601,670,2932,1042,3421,831,1956,0,0,2860,513,15276,746,835,0,1050,2541,1918,3490,1176,555
604,919,2645,765,8502,759,661,2827,0,921,585,464,692,2725,0,919,2686,477,0,553,645,0,7455,0,2672,0,599,886,9003,447,2654,3053,3159,3062,0,7576,3810,0,3075,0,5130,4731,3012,0,0,596,654,2785,1159,3392,764,1916,0,0,2680,615,13828,904,985,0,1043,2412,2072,3395,1031,629
536,943,2765,779,4598,820,722,3052,0,1020,621,511,583,3129,0,802,0,473,2899,535,737,0,14473,0,2997,0,499,1140,9658,669,3066,0,2854,3211,1383,8097,3461,0,3003,0,5271,4891,2696,0,197,539,617,2921,1236,2999,846,1892,0,0,2637,487,14317,899,879,0,947,2360,1860,5010,1573,644
896,766,3377,727,2808,710,630,3307,0,952,564,435,591,2613,0,735,3296,512,2900,642,614,0,8478,0,2822,0,734,821,9567,662,3098,2743,2895,3231,1563,7791,3898,0,7266,0,4996,4726,2883,0,0,612,615,2760,1127,3316,816,1801,0,0,0,506,13061,872,778,0,979,2120,1959,4765,1381,526
1370,825,3076,1251,3126,717,632,3760,0,893,717,463,604,3084,0,1018,7325,614,3039,693,557,0,8915,0,2742,0,438,934,11490,510,2732,3017,3707,3016,1900,8369,4705,0,13568,0,5430,4294,3608,0,0,603,657,2739,1129,3355,865,2560,0,3009,2779,658,14831,799,721,485,1164,3186,1839,4820,982,609
824,849,3713,2255,3749,689,501,2960,2753,968,692,510,502,2672,0,943,17143,671,3051,751,616,0,7071,0,2557,239,798,639,10727,457,0,2939,3674,3341,1814,7668,4215,0,16407,0,5601,3560,3623,0,0,633,609,3012,995,0,670,2040,0,2871,0,623,13824,990,659,516,1331,2619,1978,3530,1601,707
588,763,2961,1669,4440,704,534,3759,0,1019,633,475,473,3055,0,883,12313,603,3241,640,573,0,6902,0,2649,236,696,956,12052,438,0,0,3066,3122,1771,8162,3834,0,14417,0,5277,4077,3275,0,0,647,530,3085,1001,0,652,1608,0,0,0,587,12864,822,605,544,1306,1956,1798,4543,1033,704
807,854,0,570,4266,646,681,3679,0,984,572,460,711,2685,0,879,3678,523,3191,642,505,0,8790,0,3161,216,529,848,11937,420,0,0,3038,3194,2134,9025,3929,0,5488,0,4482,4272,3152,0,0,626,740,3505,1312,3196,803,1789,0,0,0,513,12521,1144,711,499,1181,2181,1955,4126,778,770
665,1634,0,0,5586,632,802,4129,0,949,761,524,1235,2879,0,924,0,521,3789,546,527,0,8708,0,2491,0,746,836,12334,519,0,0,3488,2928,2152,9045,4191,0,4489,0,4474,4163,3349,0,0,619,713,0,1167,3261,1077,2272,0,0,0,654,12114,805,979,608,1090,2295,2036,3798,643,941
721,680,0,0,3511,664,727,4523,0,752,703,472,717,2636,0,799,3366,580,2992,623,571,0,8952,3026,2820,0,568,1146,11306,476,0,0,3657,0,2149,7786,4381,0,5789,0,4239,4606,3628,479,238,579,755,3004,1145,3631,796,1881,0,3065,0,672,11528,680,965,628,1215,2028,1993,4442,1139,861
582,652,0,462,3903,519,676,3691,0,721,576,444,708,2224,0,712,0,554,0,564,544,0,8394,0,2500,206,495,668,10022,566,0,0,3152,0,1990,6805,3907,0,4671,0,4184,4180,3177,0,232,692,641,0,994,3354,767,1640,0,0,0,575,11193,593,771,609,1261,1981,1839,5026,1208,791
627,620,0,0,3399,538,599,3609,0,768,590,481,742,2260,0,897,0,497,2991,628,526,0,8704,3079,2800,265,514,587,10056,428,0,0,3229,0,1553,7210,3577,0,6830,0,4998,3949,3078,523,231,642,656,2806,1167,3249,706,1776,0,0,0,541,12445,624,755,573,1443,2166,1912,4216,1240,928
526,718,0,767,4777,484,494,3892,0,821,516,544,551,1914,418,725,3430,792,2927,652,558,0,7237,2779,2403,272,413,543,9123,409,0,0,3856,2676,1306,6128,3451,0,5575,0,4665,3183,3113,459,215,632,628,0,1223,2718,604,1404,0,2838,3108,548,10974,734,674,678,1341,1910,1712,6369,789,760
0,792,0,937,4634,542,583,4963,3230,1040,678,602,0,1967,0,771,6392,671,3129,619,634,0,7313,3082,3245,269,696,1577,9568,418,0,0,3770,0,1362,6043,4054,0,5639,0,4546,3570,3960,0,311,563,553,0,1163,0,811,1616,0,0,0,529,11269,745,738,778,1646,2348,1679,6869,665,929
0,770,0,1844,4541,799,726,5967,3876,889,593,519,737,2303,0,1005,15916,868,3608,567,590,0,9768,0,3178,309,564,2161,10204,461,0,0,4258,0,1536,6876,4311,0,5542,0,4431,3930,4074,0,318,633,726,0,1328,3451,909,1992,0,0,0,664,11926,596,999,677,1757,2167,2163,4902,854,1174
601,693,0,1588,0,707,727,4509,3324,721,575,494,784,3366,0,743,11584,729,3281,616,712,0,10123,0,2811,278,574,1319,13136,380,0,0,3956,0,1501,6715,4280,0,4723,0,4735,4777,3719,0,0,547,656,0,1163,4178,1078,2110,0,0,0,687,12477,604,938,654,1462,2154,1827,5042,687,1116
564,520,0,557,0,714,766,3350,3242,690,549,386,744,2137,0,634,3599,530,0,594,672,0,9475,0,2582,279,603,755,10019,336,0,0,3621,0,1460,6262,3731,0,5185,0,3768,4419,3568,0,267,579,720,0,1179,3633,1237,2104,0,0,0,674,10982,631,859,565,1481,1846,1875,4796,621,1019
0,655,0,0,5071,640,732,3763,3445,634,0,490,763,2389,0,721,0,0,0,638,630,0,9814,0,2614,294,802,682,10471,399,0,0,3766,0,1626,6665,4110,0,4724,0,4037,5094,3577,0,301,0,643,0,1295,3638,1116,1924,0,0,0,681,12436,688,860,0,1623,2026,2011,6479,906,1083
569,640,0,0,4036,0,514,3210,3578,602,0,526,587,1929,479,693,0,504,0,622,481,0,8991,0,2269,268,602,677,8619,406,0,0,3739,2982,1407,6461,3722,0,4639,0,3842,4457,3540,0,252,584,566,0,1175,2989,1124,1973,0,0,0,709,11434,787,669,580,1513,1882,2008,5840,553,1292
494,614,0,0,3286,0,0,3302,3238,805,474,435,486,2563,454,637,0,617,2772,787,482,0,7948,0,2151,273,465,906,9493,281,0,0,3083,3039,1334,6067,3079,0,4032,0,4115,3261,2993,454,386,586,599,0,920,2905,652,1481,0,0,0,578,11461,1039,637,791,1450,1805,1562,4369,606,1302
0,614,0,0,4304,0,0,3813,3553,757,635,411,567,2141,547,784,0,709,0,640,543,0,7996,3006,2434,330,966,0,8955,0,0,0,3870,3269,1414,5979,3428,0,3390,0,4196,3875,3364,0,0,640,0,0,943,0,685,1445,0,0,0,588,11269,1001,727,713,1784,1747,1491,4335,0,1246
562,582,0,0,3927,538,707,3736,3773,694,600,513,595,1826,566,903,0,558,0,634,599,630,10544,3083,2205,308,530,604,11154,387,0,0,3461,0,1762,6460,3728,0,3697,276,4745,4215,3194,544,380,715,0,0,1029,3270,898,1872,0,0,0,549,13089,688,790,676,1675,2035,1659,4388,0,1394
559,609,0,0,4064,0,711,3600,0,756,0,455,669,2049,648,710,0,612,0,786,638,657,11077,0,2501,300,0,769,8945,910,0,0,3256,0,1652,7150,4577,0,3982,0,3966,4323,3669,0,399,556,0,0,1358,3497,934,2227,0,0,0,642,11340,960,994,813,1687,1788,1762,4392,0,1351
0,0,0,0,4028,0,0,0,3620,734,0,484,0,1855,0,758,0,0,0,671,0,0,10176,0,2765,0,812,0,8941,633,0,0,3582,0,1621,7075,4153,0,5803,0,4095,4512,0,0,364,0,0,0,1116,0,760,1818,0,0,0,0,11705,1366,833,731,1622,1881,1770,4291,0,1532
583,533,0,0,3696,538,712,4039,3886,764,634,487,615,2648,556,699,0,650,0,565,560,571,9899,3330,3024,248,583,1306,10926,589,0,0,3645,0,1633,7467,4879,0,4296,0,3879,3728,3866,0,343,839,615,3348,1082,3597,794,1745,0,0,0,745,11480,900,925,842,1620,1942,1766,4539,1506,1414
666,0,0,0,0,608,633,0,3926,706,535,413,0,2910,0,573,0,541,0,553,661,579,8888,3042,2597,388,0,608,10146,384,0,0,3085,3019,1532,8732,3594,0,0,249,3180,3460,3394,0,273,579,555,3613,1013,0,592,1397,0,0,0,886,9680,664,660,704,1655,1719,1715,3254,1016,1355
557,0,0,521,3119,0,541,2984,4153,688,555,445,0,1801,631,612,0,552,0,641,623,603,8672,3316,2341,397,546,561,7987,396,0,0,3094,2883,1523,7362,3783,0,0,287,3563,3053,3615,546,262,599,501,0,1041,0,496,1401,0,2928,0,730,10168,564,635,896,1997,1752,1552,3157,605,1438
0,0,0,683,3220,0,542,3089,4101,675,531,412,0,2010,792,587,0,621,0,685,510,673,9385,3355,2313,448,0,0,9318,429,0,0,3256,0,1851,6793,3692,0,3115,342,3361,3338,3461,617,320,627,529,0,1013,0,0,1286,0,0,0,613,9919,861,658,1057,2058,1689,1602,0,559,1463
576,552,0,0,0,0,669,3414,3823,674,533,402,920,1731,703,668,0,534,0,588,536,697,10149,0,2579,350,0,0,10033,318,0,0,3487,0,1696,7126,3737,0,0,336,3727,3761,3545,545,464,656,640,0,1210,3308,720,1741,0,0,0,576,11805,756,953,758,1753,1896,1938,5197,1029,1681
560,643,0,0,3387,0,683,0,3934,651,0,364,1107,1854,678,624,0,625,0,0,0,637,10296,4064,2394,322,635,678,9400,429,0,0,3765,0,1755,7623,4163,0,3965,282,3841,3548,3514,0,443,633,648,0,951,3780,1376,2575,0,0,0,628,12381,866,840,902,1780,1731,1721,6318,831,1427
0,0,0,0,0,0,787,0,3734,601,0,400,727,1694,758,636,0,615,0,631,0,630,10407,3917,2304,319,601,763,9198,632,0,0,3620,0,1909,8218,4415,0,0,280,3682,3860,3901,573,446,698,969,0,964,3868,866,2026,0,0,0,744,12604,925,1048,886,1835,1873,1773,4769,1312,1631
580,0,0,0,3970,537,735,0,3677,587,531,363,639,2049,894,591,0,574,0,586,0,672,10029,3518,2149,331,0,0,9385,562,0,0,3697,0,1931,7258,4416,0,0,251,3591,4576,3434,563,377,545,640,0,1042,3532,662,1687,512,0,0,646,11434,944,1005,799,1870,1926,1657,4978,1475,1633
380,409,0,0,0,484,613,0,0,472,417,303,546,1357,598,454,0,448,2748,454,477,648,5272,0,1737,209,0,0,7321,332,0,0,2965,0,725,4655,3138,0,0,268,2576,3042,2843,505,210,455,582,0,739,3339,566,1243,0,0,0,510,8669,466,592,562,987,1640,1507,3682,571,1387
0,0,0,512,0,0,0,0,4342,537,0,378,0,1394,792,606,0,0,0,586,571,628,3803,3581,2192,525,0,0,7172,0,0,0,3143,0,0,5688,3276,3296,0,296,3285,3251,2948,662,461,604,634,0,886,2762,0,1230,596,0,0,574,9521,646,495,1026,2318,1667,1522,2777,0,1926
-1,0,0,-1,0,-1,0,0,4496,-1,0,-1,0,-1,-1,-1,0,-1,3258,-1,-1,-1,3459,4604,-1,-1,0,0,7656,0,0,0,3331,0,0,6885,3449,3181,0,-1,-1,-1,3671,-1,-1,-1,-1,0,-1,0,0,-1,-1,0,0,-1,10143,-1,-1,-1,-1,-1,-1,3211,-1,-1
-1,0,0,0,0,0,-1,0,3812,0,-1,-1,0,-1,-1,-1,0,-1,0,-1,0,-1,3782,3887,-1,-1,0,0,8120,-1,0,0,3396,0,0,6547,3673,0,0,-1,-1,-1,3482,-1,-1,-1,-1,0,-1,3324,-1,-1,0,0,0,-1,10843,-1,-1,-1,-1,-1,-1,3472,-1,-1
0,0,0,0,0,0,559,0,4168,0,738,314,580,1389,819,0,0,594,0,542,0,725,3887,3776,2090,380,525,0,7656,318,0,0,0,0,0,6315,3391,3459,0,297,2729,3154,0,787,482,654,0,0,901,3364,633,1592,0,0,0,592,9299,841,705,1048,2128,1631,1713,4144,547,2011
0,0,0,0,0,0,601,0,4064,628,0,326,1094,1443,926,1186,0,576,0,0,0,748,3632,3909,2263,382,0,0,8468,458,0,0,0,0,0,8119,3556,0,0,297,3382,3387,0,0,497,644,566,0,1066,3693,1006,2056,0,0,0,624,10745,618,692,1111,2127,1787,1885,3767,0,1920
0,0,0,0,0,801,569,0,4492,608,870,273,589,1340,918,1113,0,561,0,0,0,744,3484,4570,2600,397,0,549,8049,459,0,0,3570,0,0,6671,4025,3824,0,320,2969,3266,0,679,615,665,667,0,1223,3645,796,1824,0,0,0,572,10257,551,766,1058,2243,1738,1692,5319,0,1939
0,0,0,0,0,0,0,0,4317,0,0,0,0,1255,951,766,0,0,0,0,0,736,5104,4582,2385,447,0,918,8343,344,0,0,0,0,0,5645,0,3749,0,0,3864,2710,0,668,467,0,0,0,1122,0,663,1467,0,0,0,0,12704,0,0,1024,2223,3136,1634,0,0,1756
0,0,0,0,0,0,0,0,4435,0,0,0,0,1211,1092,0,0,0,0,0,0,707,0,5077,2069,452,0,864,7455,0,0,0,0,0,0,4776,3213,0,0,0,6556,2538,0,693,409,0,0,0,889,0,0,1033,0,0,0,0,16400,0,0,1138,2392,5133,1612,0,0,2087
0,0,0,561,0,0,0,3478,4213,0,0,416,0,1419,955,815,0,0,0,623,839,780,0,4332,1908,519,718,0,6532,0,0,0,3078,0,0,4578,3961,0,0,373,5191,2564,3344,695,420,555,633,0,750,0,0,952,606,0,0,584,16475,551,615,1068,2346,1406,1577,3497,0,2288
0,0,0,0,0,0,545,0,4804,0,0,0,0,1297,884,573,0,0,0,0,0,724,0,4124,1876,508,0,0,7321,0,0,0,3333,0,0,5523,4504,3620,0,360,2987,3270,3322,731,575,569,646,0,865,0,627,1361,614,0,0,875,10505,546,587,849,2536,1564,1430,0,0,2070
0,0,0,0,0,0,0,0,3449,0,0,0,0,1436,786,0,0,0,0,0,0,619,0,3814,1641,310,776,858,7268,0,0,0,0,0,0,5028,3258,3220,0,305,10610,2970,0,568,464,0,0,0,733,0,0,1273,0,0,0,0,25173,0,0,875,1713,9252,1323,0,568,1899
0,0,0,0,0,0,0,0,4343,0,0,0,0,1202,745,0,0,0,0,0,0,646,0,3968,1806,489,0,541,6980,451,0,0,0,0,0,5019,0,3711,0,0,2626,3191,0,555,543,0,599,0,886,0,513,1365,601,0,0,0,10266,0,669,1045,2292,1580,1509,0,524,2036
710,0,0,0,0,0,609,0,4391,0,0,0,570,1288,877,0,0,553,0,0,0,681,0,4802,2052,458,0,0,7617,563,0,0,0,0,0,6375,0,3761,3440,319,2666,3205,0,581,553,681,0,0,792,0,597,1666,569,0,0,585,11200,657,0,1207,2388,1550,1518,3713,0,2098
0,0,0,0,0,0,0,0,4488,0,0,0,0,1035,959,0,0,0,0,0,0,822,3618,4317,2024,550,0,0,6785,385,0,0,0,0,0,6720,0,3644,3572,386,2507,2757,0,702,488,0,0,0,825,0,704,1479,0,0,0,0,9649,0,643,1027,2415,1523,1517,3426,0,2003
0,0,0,0,0,543,0,0,5460,529,0,0,0,1194,1102,0,0,0,0,577,0,709,0,4431,1514,718,0,0,6130,0,0,0,0,0,0,5654,0,3576,3050,407,2553,2334,0,732,475,592,527,0,802,0,0,1079,686,0,0,0,8392,0,611,1155,2973,1324,1272,0,0,2664
0,0,0,0,0,0,0,0,4932,495,0,310,0,1225,1017,544,0,0,0,503,0,646,0,4005,1614,692,0,0,5784,0,0,0,0,0,0,5348,0,3191,3181,360,2448,2586,0,821,430,0,479,0,708,0,0,990,525,0,0,0,7764,0,573,1273,2816,1271,1098,0,0,2831
0,0,0,0,0,0,0,0,4026,0,0,0,0,1187,866,488,0,0,0,0,545,706,0,3780,1820,507,0,0,6393,0,0,0,0,0,0,5634,0,2927,0,316,2008,2380,0,683,429,0,0,0,1005,0,0,1292,491,0,0,0,7404,638,506,887,2205,1382,1404,0,0,1908
0,0,0,0,0,0,0,0,4483,0,1595,0,0,783,477,0,0,0,0,429,0,750,0,4230,1393,715,0,0,4786,310,0,0,0,0,0,4766,0,2948,0,352,1459,2290,0,518,435,0,0,0,599,0,0,939,531,0,0,0,5137,0,0,1008,2519,749,1104,0,0,1951
0,517,0,0,0,0,0,0,5361,0,0,0,0,1091,478,0,0,0,0,447,0,724,0,4323,1217,792,0,0,5107,230,0,0,0,0,0,4041,0,3418,0,347,1217,2442,0,600,612,0,0,0,556,0,514,878,606,0,0,0,4824,0,0,1070,2995,770,973,3198,0,1979
0,0,0,0,0,0,0,0,5834,0,0,0,0,1021,1064,0,0,0,0,0,0,741,0,5096,1966,696,0,1124,6301,272,0,0,0,0,0,5708,0,5880,3318,344,2013,3528,0,724,885,0,0,0,825,0,717,1357,711,0,0,0,9457,0,574,1253,3091,2195,1197,4530,0,2303
0,0,0,0,0,641,0,0,5545,574,0,0,0,768,1173,0,0,0,0,0,673,729,0,5920,2188,619,0,720,5431,576,0,0,0,0,0,5533,0,4494,0,318,2226,2743,0,651,720,0,0,0,774,3543,0,1476,760,0,0,0,8539,0,571,1101,2871,1534,1352,0,0,2181
0,0,0,0,0,0,0,0,5685,591,0,0,0,684,1071,511,0,0,0,0,0,711,0,5423,1824,564,0,0,4614,0,0,0,0,0,0,4091,0,4085,0,344,3582,2069,0,764,672,523,0,0,630,3085,0,997,777,0,0,0,9882,0,0,1350,3141,1427,1129,0,0,2067
0,0,0,0,0,0,0,0,5559,535,735,257,0,780,1112,506,0,0,0,463,0,723,0,5435,1576,744,0,0,4622,0,0,0,0,0,0,3572,0,4137,2848,341,3004,2107,0,720,664,465,0,0,732,0,0,933,717,0,0,0,9255,445,0,1201,3117,1530,1270,0,507,2060
0,0,0,0,0,0,0,0,5399,510,498,0,0,983,1091,0,0,0,0,0,0,781,0,5352,1758,564,0,0,5302,0,0,0,0,0,0,4423,0,4394,2962,372,2881,2481,0,772,628,0,469,0,1021,0,0,1025,803,0,0,0,8697,538,0,1160,2797,1370,1276,0,0,2362
0,0,0,0,0,0,0,0,5704,0,0,0,0,1303,1192,0,0,0,0,0,0,881,0,5778,1762,745,0,0,6573,256,0,0,0,0,0,5210,0,4937,0,387,2249,2589,0,787,822,0,496,0,948,0,0,1313,766,0,0,0,7944,504,530,1189,3176,1409,1511,0,0,2332
0,0,0,0,0,0,0,0,5751,0,0,0,0,953,1309,0,0,0,0,0,0,868,0,6376,1602,680,0,0,5954,0,0,0,0,0,0,5266,0,5333,0,431,2030,2526,0,798,974,0,0,0,774,0,702,1847,766,0,0,0,8129,576,0,1284,3211,1295,1310,0,0,2270
0,0,0,0,0,0,0,0,4962,526,0,0,0,850,1051,0,0,0,0,0,0,908,0,5293,1450,515,0,0,5423,0,0,0,0,0,0,4704,0,5240,0,434,1838,2178,0,687,845,0,0,0,620,0,712,1491,754,0,0,0,7304,0,554,942,2676,1422,1173,3263,0,2092
0,0,0,0,0,0,0,0,5578,0,0,0,0,670,1084,0,0,0,0,0,0,911,0,5085,1234,531,0,0,5203,0,0,0,0,0,0,5059,0,4345,0,446,1639,2039,0,889,740,0,0,0,0,0,0,1377,765,0,0,0,7144,0,0,1217,2887,1392,1008,0,0,2374
0,0,0,0,0,0,0,0,6466,0,0,0,0,553,1132,0,0,0,0,415,0,818,0,4349,923,691,0,0,4195,0,0,0,0,0,0,3864,0,4395,3195,486,1692,1799,0,995,594,429,0,0,0,0,0,838,704,0,0,0,6449,625,484,1488,3147,1541,897,0,726,2637
0,946,0,0,0,0,0,0,5785,0,0,0,0,705,1132,0,0,0,0,0,0,922,0,4678,788,601,0,0,6586,0,0,0,0,2402,0,3691,0,3924,3750,540,2100,1445,0,973,536,0,0,0,0,0,0,759,717,0,0,0,7378,559,603,1220,3050,1885,935,0,0,2007
0,0,0,0,0,0,0,0,5221,0,0,0,0,675,1109,0,0,0,0,0,0,780,0,5266,939,574,0,0,4811,0,0,0,0,0,0,3741,0,4216,2472,418,1980,1764,0,765,609,0,0,0,0,0,0,841,684,0,0,0,7273,550,0,1490,2854,1756,896,0,0,2164
0,0,0,0,0,0,0,0,5767,0,0,0,0,693,1073,0,0,0,0,491,0,894,0,5912,1124,560,0,0,4992,0,0,0,0,0,0,4515,0,4547,0,455,1939,1939,0,742,630,0,0,0,0,0,0,914,764,0,0,0,6987,617,0,1551,2869,1730,1187,0,472,2561
0,0,0,0,0,0,0,0,5175,0,0,0,0,656,1098,0,0,0,0,0,0,768,0,5605,1247,523,0,0,4588,0,0,0,0,0,0,4904,0,4161,0,442,1771,1937,0,1128,677,0,0,0,0,0,0,1092,795,0,0,0,7641,652,0,1322,2628,1524,1102,0,978,2315
0,0,0,0,0,0,0,0,5739,0,0,0,0,614,1038,0,0,0,0,0,0,857,3285,7556,1126,669,0,0,4616,0,0,0,0,2609,0,5086,0,5063,0,483,1608,1610,0,936,679,0,0,0,0,0,0,1049,842,0,0,0,5939,713,0,1608,3003,1356,1170,2711,847,2437
0,0,0,0,0,0,0,0,5467,0,0,0,0,617,1110,0,0,0,0,0,0,873,0,5687,1147,562,0,0,4429,0,0,0,0,0,0,4552,0,3987,0,485,1602,1955,0,999,772,0,448,0,0,0,0,886,769,0,0,0,6321,681,0,1379,2555,1446,1061,2961,686,2195
0,0,0,0,0,0,0,0,4996,0,0,0,0,611,990,0,0,0,0,0,0,762,0,4752,767,620,0,0,4010,0,0,0,0,0,0,3403,0,2936,0,506,1856,1444,0,1051,452,0,0,0,0,0,0,937,640,0,0,0,6152,593,0,1263,2600,1316,895,2823,476,1979
0,0,0,380,0,0,0,0,5631,0,0,0,0,553,1085,0,0,0,0,0,0,829,0,5174,675,624,0,0,4107,0,0,0,0,0,0,3304,0,3546,0,521,1454,1357,0,1197,445,0,454,0,0,0,0,832,789,0,0,0,5253,516,0,1502,3093,1164,869,0,566,2152
0,0,0,0,0,0,0,0,5313,0,0,0,0,521,2713,0,0,0,0,0,0,878,0,5192,1257,463,0,0,4439,0,0,0,0,0,0,3707,0,4459,0,569,1631,1818,0,759,722,0,0,0,0,0,0,1003,799,0,0,0,5882,565,0,1588,2592,1226,1157,0,0,2467
0,0,0,0,0,0,0,0,5014,0,0,0,0,499,1254,0,0,0,0,0,0,943,0,5025,1160,517,0,0,3979,0,0,0,0,0,0,3973,0,5186,0,517,1584,1880,0,930,1116,0,0,0,0,0,0,961,639,0,0,0,5705,692,0,1243,2681,1204,1137,0,0,2197
0,0,0,0,0,0,0,0,5522,0,0,0,0,532,1743,0,0,0,0,0,0,913,0,4749,960,502,0,0,4285,342,0,0,0,0,0,3945,0,4881,0,523,1396,2675,0,809,907,0,0,0,0,0,0,1117,752,0,0,0,6063,586,0,1293,2864,1209,1041,0,667,1931
0,0,0,0,0,0,0,0,6166,0,0,0,0,607,1325,0,0,0,0,0,0,1007,0,7565,941,713,0,0,4512,0,0,0,0,0,0,4708,0,5782,0,581,1664,2350,0,886,795,0,0,0,0,0,0,1187,902,0,0,0,6790,574,0,1484,3285,1437,980,0,0,2406
0,0,0,0,0,0,0,0,5693,0,0,0,0,448,1115,0,0,0,0,0,0,1044,2456,4820,999,550,0,0,3794,469,0,0,0,0,0,4403,0,5031,0,641,1607,1861,0,834,730,0,0,0,0,0,0,1129,789,0,0,0,6797,0,0,1235,2804,1405,891,0,0,2326
0,0,0,0,0,0,0,0,5468,0,0,0,0,552,1061,0,0,0,0,0,0,839,0,3952,868,703,0,0,3279,0,0,0,0,0,0,3343,0,4075,1896,546,1376,1276,0,765,637,0,0,0,0,0,0,922,823,0,0,0,5877,0,0,1212,2865,1091,925,0,0,2573
0,0,0,0,0,0,0,0,5828,0,0,0,0,794,1054,0,0,0,0,0,0,952,0,4187,803,750,382,0,3453,0,0,0,0,0,0,3232,0,3721,2091,566,1274,1548,0,800,482,0,0,0,0,0,0,891,786,0,0,0,4745,0,0,1176,3282,1016,735,0,0,2788
0,0,0,0,0,0,0,0,6513,0,0,0,0,1066,1120,0,0,0,0,0,0,1094,0,4757,1084,842,0,0,4647,0,0,0,0,0,0,4615,0,4801,0,668,1576,3024,0,823,762,0,0,0,0,0,0,1099,809,0,0,0,6508,517,0,1343,3632,1356,883,0,0,3041
0,0,0,0,0,0,0,0,5952,0,0,0,0,848,1041,0,0,0,0,0,0,1075,0,4991,1380,688,0,0,4995,0,0,0,0,0,0,4021,0,4842,0,615,1566,3376,0,810,760,0,0,0,0,0,0,1100,813,0,0,0,5856,644,0,1215,3203,1112,1008,0,566,3594
0,0,0,0,0,0,0,0,6184,0,0,0,0,644,1091,0,0,0,0,0,0,1166,0,5057,1121,712,0,0,4466,360,0,0,0,0,0,4216,0,4806,0,664,1582,2875,0,854,705,0,0,0,0,0,0,1555,743,0,0,0,6422,0,0,1460,3441,1224,952,0,0,3568
0,0,0,0,0,0,0,0,6608,0,0,0,0,659,1012,0,0,0,0,0,0,1098,0,5846,1035,687,0,513,4202,0,0,0,0,0,0,4172,0,6395,0,695,1429,2470,0,742,900,0,0,0,0,0,0,1335,810,0,0,0,6572,540,0,1378,3466,1160,826,0,469,3412
0,0,0,0,0,0,0,0,6406,0,0,0,0,638,1083,0,0,0,0,0,0,1089,0,5521,1121,651,0,0,4009,0,0,0,0,0,0,4137,0,6117,0,717,1558,3172,0,825,1090,0,0,0,0,0,0,985,1021,0,0,0,7039,488,0,1286,3076,1371,872,0,0,2732
0,0,0,0,0,0,0,0,6015,0,0,0,0,561,1061,0,0,0,0,0,713,1246,0,5187,1007,729,0,0,3430,0,0,0,0,0,0,3269,0,5060,0,867,1505,2021,0,969,817,466,0,0,0,0,0,728,868,0,0,0,5815,472,0,1314,3140,1253,561,0,615,2461
0,0,0,0,0,0,0,0,5213,0,0,0,0,645,1124,0,0,0,0,0,0,1015,0,5447,918,544,0,0,3161,0,0,0,0,0,0,2479,0,4007,0,647,1146,1358,0,792,618,0,0,0,0,0,0,508,804,0,0,0,4148,0,0,1043,2651,783,675,0,0,2256
0,0,0,0,0,0,0,0,6134,0,0,0,0,769,1300,0,0,0,0,0,0,1043,0,6029,973,743,528,0,4310,0,0,0,0,0,0,4013,0,5419,0,568,1515,1958,0,850,984,0,0,0,0,0,0,930,819,0,0,0,5736,459,0,1379,3127,1156,846,0,0,2803
0,0,0,0,0,584,0,0,5956,0,0,0,0,3592,1071,0,0,0,0,0,0,1077,0,4836,1252,647,0,0,7760,0,0,0,0,0,0,4756,0,4942,0,605,1784,2760,0,941,884,0,572,0,0,0,0,1241,738,0,0,0,6414,0,0,1278,3051,1168,765,0,545,2842
0,0,0,0,0,0,0,0,5637,0,0,0,0,736,978,0,0,0,0,0,482,1132,0,4156,969,656,0,0,4159,0,0,0,0,0,0,4316,0,4567,2645,621,2588,1589,0,737,678,0,0,0,0,0,0,990,938,0,0,0,7126,468,0,1381,3014,1151,763,0,466,2960
0,0,0,0,0,0,0,0,6273,0,0,0,0,722,1067,0,0,0,0,0,591,1255,3279,5003,927,743,0,0,4317,0,0,0,0,0,0,4824,0,4479,0,719,2223,1603,0,992,678,0,0,0,0,0,519,1313,816,0,0,0,7444,658,0,1433,3282,1335,711,0,0,4183
0,0,0,0,0,0,0,0,5565,0,0,0,0,589,1070,0,0,0,0,0,0,1248,0,5021,901,632,0,0,4280,0,0,0,0,2901,0,4750,0,4511,2961,728,2436,1415,0,870,596,479,0,0,0,0,0,1914,793,0,0,0,7770,606,0,1215,2972,1288,614,0,0,3447
0,0,0,0,0,0,0,0,5983,0,0,0,0,486,1160,0,0,0,0,0,0,1245,0,3877,1045,652,481,0,4091,0,0,0,0,2477,0,4010,0,4493,0,844,2527,1219,0,850,581,0,0,0,0,0,0,1155,835,0,0,0,7121,544,0,1402,3264,1126,588,0,0,3554
0,0,0,0,0,0,0,0,5288,0,0,0,0,591,1204,0,0,0,0,0,0,1056,0,4439,782,592,0,0,3833,0,0,0,0,2518,0,3499,0,4213,2702,627,2086,1480,0,840,605,0,0,0,0,0,0,982,677,0,0,0,5882,0,0,1245,2767,1103,647,0,1109,2721
0,0,0,0,0,0,0,0,5873,0,0,0,0,709,1456,0,0,0,0,0,0,1066,0,4568,958,641,563,0,4464,0,0,0,0,0,0,4890,0,4411,0,599,2045,2100,0,826,694,0,0,0,0,0,0,1706,837,0,0,0,7082,515,0,1245,3061,1349,758,0,523,2729
0,0,0,0,0,0,0,0,5211,0,0,0,0,565,1105,0,0,0,0,0,0,912,0,4331,927,594,0,0,3849,0,0,0,0,0,0,4461,0,3839,0,500,1965,1990,0,637,570,445,0,0,0,0,0,1326,666,0,0,0,6734,482,0,1211,2784,1160,742,0,0,2814
0,660,0,0,0,0,0,0,5721,0,0,0,0,672,1165,0,0,0,0,0,0,1053,0,4881,1038,591,527,0,4517,0,0,0,0,0,0,5593,0,4689,0,656,2006,1731,0,881,859,0,0,2755,0,0,0,1337,847,0,0,0,6925,0,0,1280,2857,1363,768,0,619,2677
0,0,0,0,0,0,0,0,5402,0,0,0,0,0,1197,0,0,0,0,0,0,1362,0,4900,1393,549,0,0,3722,0,0,0,0,2640,0,4090,0,4157,0,800,2393,1559,0,864,632,0,0,2944,0,0,0,1201,869,0,0,0,7565,586,0,1376,2694,1483,730,0,0,3539
0,0,0,0,0,0,0,0,5765,0,0,0,0,649,1255,0,0,0,0,0,0,1262,0,4444,1350,571,490,0,4119,0,0,0,0,2895,0,4480,0,5301,0,767,2302,2410,0,1120,909,0,0,2555,0,0,0,894,845,0,0,0,7795,552,0,1570,2947,1889,707,0,0,3282
0,0,0,0,0,0,0,0,5375,621,0,0,0,432,1097,0,0,0,0,0,0,978,0,3963,1436,674,0,0,3370,0,0,0,0,0,0,3391,0,4136,0,617,2403,1502,0,894,689,0,0,0,0,0,0,715,809,0,0,0,7175,0,0,1139,2900,1659,508,2140,0,3098
0,0,0,0,0,0,0,0,5855,494,0,0,0,516,1235,0,0,0,0,0,524,1038,0,5135,1184,789,0,577,4053,0,0,0,0,2363,0,4083,0,4323,0,696,1899,1843,0,859,712,0,0,0,0,0,0,899,830,0,0,0,6223,0,0,1309,3267,1112,666,5109,0,2739
0,0,0,0,0,0,0,0,4839,0,0,0,0,538,1054,0,0,0,0,0,0,1036,0,4173,1065,553,0,525,3925,0,0,0,0,0,0,4755,0,3994,0,457,1581,1621,0,669,613,0,0,0,0,0,0,940,703,0,0,0,5915,0,0,957,2501,1102,755,0,1912,3109
0,0,0,0,0,0,0,0,5123,0,0,0,0,807,1198,0,0,0,0,0,0,881,0,4605,1400,612,0,0,5132,0,0,0,0,2841,0,4770,0,4123,0,502,1521,1957,0,716,636,0,0,0,0,0,543,1118,691,0,0,0,6221,0,0,1159,2700,1195,753,0,982,2804
0,0,0,0,0,0,0,0,5768,0,0,0,0,669,1099,0,0,0,0,0,0,1027,0,4264,1194,643,0,0,4373,0,0,0,0,0,0,4904,0,4463,0,582,1704,2209,0,835,707,0,0,0,0,0,0,1093,767,0,0,0,6399,0,0,1198,3142,1250,696,0,838,2715
0,0,0,0,0,0,0,0,6114,0,0,0,0,657,1272,0,0,0,0,0,0,1077,0,4416,1029,691,0,0,4293,0,0,0,0,0,0,5014,0,4869,0,638,1747,1666,0,811,843,0,0,0,0,0,521,1154,992,0,0,0,6633,0,0,1185,3122,1194,802,0,456,2682
0,0,0,0,0,0,0,0,6024,0,0,0,0,801,1234,0,0,0,0,0,0,1169,0,4605,1234,758,0,0,4296,0,0,0,0,0,0,4531,0,4941,0,759,1679,1599,0,822,727,0,0,0,0,0,0,993,880,0,0,0,6335,0,0,1380,3044,1209,686,0,0,3160
0,0,0,0,0,0,0,0,3992,395,0,0,0,473,1028,0,0,0,0,0,0,848,0,2864,902,453,0,0,3222,0,0,0,0,0,0,3757,0,3434,2141,458,1453,1381,0,735,560,0,0,0,0,0,0,638,602,0,0,0,4983,0,0,740,2009,1021,553,0,0,2065
0,0,0,0,0,0,0,0,5204,507,0,0,0,0,1198,0,0,0,0,0,0,1051,0,4272,896,677,0,0,3186,0,0,0,0,0,0,4277,0,4421,2809,668,1733,2165,0,830,744,0,0,2399,0,0,0,916,732,0,0,0,5665,0,0,1004,2829,1241,721,0,476,3799
0,0,0,0,0,0,0,0,5313,0,0,0,0,551,1207,0,0,0,0,0,0,981,0,4551,1061,670,0,0,3805,0,0,0,0,0,0,5168,0,4757,0,562,1850,1857,0,653,767,0,0,2861,0,0,0,1127,732,0,0,0,6421,0,966,1131,2797,1125,900,0,513,2889
0,0,0,0,0,0,0,0,5326,0,0,0,0,611,1242,0,0,0,0,0,0,935,0,4699,1046,590,0,0,4173,0,0,0,0,0,0,5795,0,5107,0,527,1662,1490,0,708,973,0,0,0,0,0,0,1381,756,0,0,0,6006,0,829,1188,2739,1067,672,0,0,2446
0,0,0,0,0,0,0,0,5063,0,0,0,0,705,1139,0,0,0,0,0,0,930,0,4102,872,564,0,0,4351,0,0,0,0,0,0,5172,0,4851,0,471,1481,1580,0,821,831,0,0,0,0,0,0,1107,717,0,0,0,5540,0,604,1294,2556,1041,627,0,0,2288
0,0,0,0,0,0,0,0,5588,0,0,0,0,775,1271,0,0,0,0,0,0,1063,0,4682,1271,601,0,0,5138,0,0,0,0,0,0,5005,0,5010,0,530,1625,1440,0,883,857,0,0,0,0,0,0,1377,833,0,0,0,6013,0,0,1360,2943,1100,653,0,0,2651
0,0,0,0,0,0,0,0,5818,0,0,0,0,-1,-1,0,0,0,0,0,0,-1,0,4086,-1,-1,0,0,4748,0,0,0,0,0,0,4626,0,5080,0,-1,-1,-1,0,-1,-1,0,0,0,0,0,0,-1,-1,0,0,0,6099,0,0,-1,-1,-1,-1,0,0,-1
0,0,0,0,0,600,0,0,4962,0,0,0,0,432,1089,0,0,0,2063,0,0,868,0,3416,687,446,0,0,3686,0,0,0,0,0,0,3600,0,3907,0,494,1277,918,0,791,698,0,0,0,0,0,0,731,688,0,0,0,4793,0,0,1164,2456,1036,623,0,0,2267
0,0,0,0,0,433,0,0,4954,0,0,0,0,463,1220,0,0,0,0,0,0,930,0,3643,746,508,0,0,3528,0,0,0,0,0,0,3682,0,3790,0,495,1328,1501,0,803,680,0,0,0,0,0,0,712,741,0,0,0,4562,0,0,1154,2616,979,586,0,0,2551
0,0,0,0,0,0,0,0,5424,0,0,0,0,843,1439,0,0,0,0,0,0,965,0,4912,1002,607,0,0,4411,0,0,0,0,0,0,4490,0,4267,0,445,1261,1769,0,897,668,0,0,0,0,0,0,984,731,0,0,0,5352,0,0,1266,2810,1026,701,0,0,2622
0,0,0,0,0,0,0,0,5864,0,0,0,0,1096,1293,0,0,0,0,0,0,1079,0,5029,760,618,0,0,5373,0,0,0,0,0,0,4652,0,4733,0,634,1485,1498,0,729,860,0,0,0,0,0,521,1241,774,0,0,0,5712,0,0,1390,3009,1186,729,0,682,2788
0,0,0,0,0,0,0,0,6023,0,0,0,0,602,1312,0,0,0,0,0,0,998,0,4775,890,607,0,0,4777,0,0,0,0,0,0,4677,0,4927,0,488,1374,1383,0,949,838,0,0,0,0,0,0,1039,859,0,0,0,5475,0,0,1545,3019,1178,709,0,0,2824
0,0,0,0,0,0,0,0,6676,0,0,0,0,686,1323,0,0,0,0,0,0,951,0,4924,1139,879,0,0,4282,0,0,0,0,0,0,4872,0,5734,0,490,1365,1551,0,838,845,0,0,0,0,0,0,1278,871,0,0,0,5537,0,0,1621,3429,1114,744,0,0,2655
0,0,0,0,0,0,0,0,6114,0,0,0,0,551,1291,0,0,0,0,0,0,906,0,4409,942,662,0,0,3689,0,0,0,0,2493,0,4837,0,5494,0,464,1217,1548,0,761,860,0,0,0,0,0,0,986,786,0,0,0,4764,0,0,1378,3072,1004,790,0,1904,2469
0,0,0,0,0,0,0,0,5191,0,0,0,0,500,1059,0,0,0,0,0,0,759,0,3720,679,546,0,0,2904,0,0,0,0,0,0,3078,0,3869,0,468,1041,1174,0,693,559,0,0,0,0,0,0,738,709,0,0,0,4126,0,0,1121,2635,943,572,0,0,1867
0,0,0,0,0,0,0,0,4769,0,0,0,0,777,1332,0,0,0,0,0,0,844,0,3880,733,681,0,0,3390,0,0,0,0,0,0,2811,0,3515,0,561,944,1226,0,830,548,0,0,0,0,0,0,679,669,0,0,0,3603,0,0,1045,2573,814,558,0,0,1989
0,0,0,0,0,0,0,0,5435,0,0,0,0,789,1272,0,0,0,0,0,0,825,0,4682,964,664,0,0,6042,0,0,0,0,0,0,5247,0,5284,0,525,1219,3076,0,642,738,0,0,0,0,0,0,1053,735,0,0,0,5013,0,0,1020,2768,1031,672,0,2337,2401
0,0,0,0,0,0,0,0,5728,0,0,0,0,566,1130,0,0,0,0,0,0,844,0,4593,765,642,0,0,4930,0,0,0,0,0,0,6991,0,4643,0,450,1017,2195,0,648,759,0,0,0,0,0,0,1025,801,0,0,0,4730,0,0,1284,2839,1061,679,0,0,3008
0,0,0,0,0,0,0,0,5432,0,0,0,0,678,1107,0,0,0,0,0,0,853,0,5452,1934,541,0,0,4325,0,0,0,0,0,0,6336,0,4370,0,483,1250,2070,0,607,704,0,0,0,0,0,0,1112,749,0,0,0,5393,0,0,1461,2775,1088,671,0,625,2654
0,0,0,0,0,0,0,0,5617,491,0,0,0,566,1161,0,0,0,0,0,0,708,0,4062,1337,604,0,2159,3816,0,0,0,0,2736,0,5047,0,4021,0,421,1140,1352,0,593,681,0,0,0,0,0,0,847,732,0,0,0,5199,0,0,1389,3004,1137,684,0,0,2566
0,0,0,0,0,0,0,0,5581,0,0,0,0,480,1130,0,0,0,0,0,0,933,0,3976,975,587,0,418,3576,0,0,0,0,0,0,4550,0,4730,0,577,1140,1662,0,686,800,0,442,0,0,0,0,933,735,0,0,0,5369,0,0,1278,2860,1299,767,0,740,2615
0,0,0,0,0,0,0,0,4767,0,0,0,0,374,937,0,0,0,0,0,0,739,0,3900,867,532,0,0,3084,0,0,0,0,0,0,4669,0,3927,0,499,810,1283,0,771,653,0,0,0,0,0,0,836,688,0,0,0,3835,0,0,1218,2437,853,541,0,397,1966
0,0,0,0,0,0,0,0,4728,0,0,0,0,458,945,0,0,0,0,0,0,563,0,3764,947,525,0,0,3059,0,0,0,0,0,0,4450,0,3646,0,324,1642,1450,0,622,651,0,0,0,0,0,0,822,655,0,0,0,4960,0,0,1151,2369,1053,662,0,0,1953
0,0,0,0,0,0,0,0,5446,0,0,0,0,0,996,0,0,0,0,0,0,754,0,4314,957,569,0,0,3483,0,0,0,0,0,0,5126,0,4256,0,447,1052,1869,0,730,732,0,0,2412,0,0,0,1411,713,0,0,0,4414,0,0,1177,2791,805,722,0,0,2513
0,0,0,0,0,0,0,0,5479,0,0,0,0,441,1236,0,0,0,0,0,0,722,0,4526,871,557,0,0,3543,0,0,0,0,0,0,4019,0,4140,0,404,995,1301,0,581,744,0,0,0,0,0,0,1081,669,0,0,0,4547,0,0,1344,2898,847,680,0,1141,2246
0,0,0,0,0,0,0,0,5570,0,0,0,0,456,1117,0,0,0,0,0,0,717,0,4448,1073,635,0,0,3412,0,0,0,0,0,0,3658,0,4149,2263,383,876,1294,0,505,673,0,0,0,0,0,0,1168,700,0,0,0,4623,0,0,1260,2873,1079,657,0,509,2221
0,0,0,0,0,0,0,0,5480,0,0,0,0,0,1225,0,0,0,0,0,0,758,0,5328,999,580,0,0,3148,0,0,0,0,0,0,4080,0,4476,0,472,876,1268,0,641,752,0,0,0,0,0,0,1249,819,0,0,0,4523,0,0,1347,2730,1066,622,0,0,2128
0,0,0,0,0,0,0,0,5614,0,0,0,0,0,1214,0,0,0,0,0,0,670,0,5785,984,585,0,0,3036,0,0,0,0,0,0,3703,0,7778,0,398,986,1465,0,552,1365,0,0,0,0,0,0,907,815,0,0,0,4526,0,0,1394,2753,967,545,0,0,2370
0,0,0,0,0,0,0,0,4214,374,0,0,0,0,1091,0,0,0,0,0,0,579,0,8915,624,439,0,0,2279,0,0,0,0,0,0,2861,0,3248,0,362,709,834,0,560,539,0,0,0,0,0,0,597,602,0,0,0,3554,0,0,985,2115,875,479,0,0,1822
0,0,0,0,0,0,0,0,4550,0,0,0,0,0,1016,0,0,0,0,0,0,660,0,6469,713,739,0,0,2518,0,0,0,0,0,0,2498,0,3672,0,372,703,672,0,535,557,0,0,0,0,0,0,482,605,0,0,0,4524,0,0,903,2530,841,389,0,0,1768
0,0,0,0,0,0,0,0,5633,0,0,0,0,568,1156,0,0,0,0,0,0,668,0,5715,1011,765,399,0,3491,0,0,0,0,0,0,3389,0,4815,0,386,899,1033,0,550,773,0,0,0,0,0,0,816,720,0,0,0,4189,0,0,1198,3053,872,590,0,0,2269
754,0,0,0,0,0,0,0,5991,0,0,0,0,0,1186,0,0,0,0,0,0,771,0,4925,887,702,0,0,3332,0,0,0,0,0,0,3582,0,4786,2857,430,844,1204,0,542,833,0,0,0,0,0,0,820,755,0,0,0,3991,0,0,1339,3148,823,598,0,0,2585
0,0,0,0,0,0,0,0,5244,0,0,741,0,410,1183,0,0,0,0,0,0,756,0,4161,859,594,0,399,3295,0,0,0,0,0,0,3480,0,4269,2289,453,1482,1208,0,636,690,0,0,0,0,0,0,831,714,0,0,0,5087,0,0,1319,2646,1520,591,0,0,2330
0,0,0,0,0,0,0,0,5378,0,0,0,0,407,1205,0,0,0,0,0,0,772,0,4459,773,592,0,0,2958,0,0,0,0,0,0,3586,0,4752,2655,445,698,1433,0,634,825,0,0,0,0,0,437,1054,681,0,0,0,3608,0,0,1522,2718,887,634,0,0,2786
0,0,0,0,0,0,0,0,5672,0,0,0,0,0,1073,0,0,0,0,0,532,605,0,4061,710,593,0,0,2913,0,0,0,0,0,0,3233,0,4740,2825,384,700,1136,0,605,764,0,357,0,373,0,0,887,657,0,0,0,3883,0,0,1324,2968,1020,605,0,0,2360
0,0,0,0,0,0,0,0,4306,263,0,0,0,359,862,0,0,0,0,332,0,553,0,3208,456,448,0,0,2353,0,0,0,0,0,0,2273,0,3164,1582,305,639,839,0,516,494,0,0,0,0,0,0,538,620,0,0,0,3265,0,0,892,2164,1033,411,0,0,1964
0,0,0,0,0,0,0,0,4209,0,0,0,0,0,1138,0,0,0,0,419,0,663,0,3358,469,528,0,0,2159,0,0,0,0,0,0,2272,0,3332,1567,419,558,867,0,633,616,0,0,0,0,0,0,472,588,0,1619,0,2829,0,0,1046,2299,826,521,0,0,2019
0,0,0,0,0,0,0,0,5709,0,0,0,0,0,1144,0,0,0,0,0,0,733,0,4093,584,668,0,0,2557,0,0,0,0,0,0,3299,0,4493,0,443,710,1900,0,619,668,0,0,0,0,0,0,879,876,0,0,0,3679,0,0,1179,2850,817,847,0,0,2535
0,0,0,0,0,0,0,0,5616,0,0,0,0,0,1290,0,0,0,0,0,0,836,0,4168,714,630,365,0,2798,0,0,0,0,0,0,3604,0,4042,0,537,646,1352,0,651,633,0,0,0,0,0,0,705,725,0,0,0,4385,0,0,1296,2790,612,668,0,0,2365
0,0,0,0,0,0,0,0,5401,0,0,0,0,0,1261,0,0,0,0,0,0,718,0,3649,657,633,0,0,3356,0,0,0,0,0,0,3415,0,4333,0,465,630,1295,0,693,734,0,0,0,0,0,0,797,712,0,0,0,3737,0,333,1363,2626,847,597,0,0,2427
0,0,0,0,0,0,0,0,5346,0,0,0,0,0,1240,0,0,0,0,0,0,619,0,3723,512,605,0,0,2468,0,0,0,0,0,0,2631,0,3948,2384,394,512,792,0,656,609,0,271,0,0,0,0,627,711,0,0,302,3573,0,0,1593,2769,901,549,0,305,2059
0,0,0,0,0,0,0,0,5382,0,0,0,0,0,1279,0,0,0,0,0,0,686,0,3735,632,660,0,0,2649,0,0,0,0,0,0,2785,0,4344,1786,456,618,736,0,682,597,0,0,0,0,0,0,893,688,0,0,0,3372,0,0,1388,2680,745,534,0,474,2141
0,0,0,0,0,0,337,0,4545,0,0,0,0,0,1154,0,0,0,0,0,0,636,0,3802,562,588,0,0,2228,0,0,0,1658,0,0,2218,1553,3092,1488,471,581,825,1590,767,485,0,0,0,0,0,0,427,537,0,0,344,2656,0,0,1151,2348,636,690,0,0,1918
0,0,0,0,0,0,0,0,4307,0,0,0,0,0,1028,0,0,0,0,0,0,644,0,3707,558,583,0,0,2201,0,0,0,0,0,0,2813,0,2992,0,416,462,723,0,534,471,0,0,0,0,0,0,497,556,0,0,0,2480,0,0,1075,2174,540,488,0,0,1898
0,0,0,0,0,0,0,0,5381,0,0,0,0,452,1270,0,0,0,0,0,0,718,0,4664,783,611,0,0,2847,0,0,0,0,0,0,3418,0,4301,0,429,559,1118,0,668,681,0,0,0,0,0,0,718,649,0,0,0,3247,0,0,1222,2681,709,485,0,0,2238
0,0,0,0,0,0,0,0,5694,0,0,0,0,0,1262,0,0,0,0,0,0,722,0,4118,805,721,0,0,2868,0,0,0,0,0,0,3423,0,4313,2168,417,634,1163,0,498,648,0,0,2316,0,0,0,953,666,0,0,0,3381,0,0,1251,3061,676,533,0,452,2382
0,0,0,0,0,0,0,0,5078,0,0,0,0,0,1318,0,0,0,0,0,0,845,0,3702,583,625,0,0,2521,0,0,0,0,0,0,3099,0,4112,2161,389,577,983,0,635,603,0,0,0,0,0,0,922,613,0,0,0,2935,0,0,1284,2571,648,587,0,0,2584
0,0,0,0,0,0,0,0,5122,0,0,0,0,0,1206,0,0,0,0,0,0,963,0,4424,638,554,566,0,2369,0,0,0,0,0,0,3050,2269,4231,2463,447,621,969,0,686,606,0,0,0,0,0,0,772,648,0,0,493,3113,0,0,1300,2514,615,560,0,0,2720
0,0,0,0,0,0,0,0,5266,0,0,0,0,0,1147,0,0,0,0,0,0,752,0,3353,469,562,0,0,2177,0,0,0,0,0,0,2869,1901,4209,1874,400,569,923,0,622,616,0,0,0,0,0,0,532,605,0,0,591,3078,0,0,1099,2645,665,546,0,0,2553
0,0,0,0,0,0,0,0,4133,0,0,0,0,0,982,0,0,0,0,0,0,513,0,3054,429,475,0,0,1695,0,0,0,0,1591,0,2152,0,3175,0,356,398,661,0,621,343,0,0,0,0,0,0,427,512,0,0,0,2290,0,0,980,2141,445,377,0,0,2143
0,0,0,0,0,0,0,0,4145,0,0,0,0,0,863,0,0,0,0,0,0,514,0,3118,401,644,0,0,1557,0,0,0,0,0,0,3213,1878,3215,0,330,414,555,1693,578,479,0,0,0,0,0,0,450,588,0,0,351,2216,0,0,1010,2210,534,353,0,0,1579
0,0,0,0,0,0,0,0,5043,0,0,0,0,0,1155,0,0,0,0,0,0,668,0,3526,575,505,0,0,2202,0,0,0,0,0,0,3796,0,4709,0,345,532,785,0,509,744,0,0,0,0,0,0,763,619,0,0,455,2868,0,0,1082,2404,546,540,0,0,2210
0,0,0,0,0,0,0,0,4393,0,0,0,0,0,1024,0,0,0,0,0,0,486,0,3022,498,466,0,0,2041,0,0,0,0,0,0,2826,0,3390,0,303,449,567,0,485,447,0,0,0,0,0,0,720,555,0,0,304,2797,0,0,1006,2127,545,514,0,0,1702
0,0,0,0,0,0,0,0,5247,0,0,0,0,0,1131,0,0,0,0,0,0,590,0,3585,834,465,0,0,2335,0,0,0,0,0,0,3258,0,3675,0,336,635,770,0,584,481,0,479,0,0,0,0,888,720,0,0,0,3519,0,0,1192,2540,732,653,0,0,1962
0,0,0,0,0,0,0,0,5227,0,0,0,0,0,1244,0,0,0,0,0,0,566,0,3539,652,544,0,0,2098,0,0,0,0,0,0,3121,0,4036,0,333,484,778,0,727,525,0,0,0,0,0,990,1571,607,0,0,0,3078,0,399,1191,2729,711,513,0,0,1955
0,0,0,0,0,0,0,0,4957,0,0,0,0,0,1041,0,0,0,0,417,0,622,0,3263,638,590,0,0,1861,0,0,0,0,0,0,3067,0,3849,0,377,509,703,0,548,563,0,0,0,0,0,0,957,559,0,0,0,3056,0,0,1139,2543,747,478,0,0,2165
0,0,0,0,0,0,0,0,4276,0,0,0,0,0,907,0,0,0,0,0,0,543,0,2726,580,417,0,0,1561,0,0,0,0,1288,0,1910,0,2876,1338,323,517,481,0,521,456,0,0,0,0,0,0,550,540,0,0,309,2397,0,0,946,2039,564,358,0,0,1598
0,0,0,0,0,0,0,0,3800,0,0,0,0,0,980,0,0,0,0,0,0,593,0,2726,470,487,0,0,1484,0,0,0,0,0,0,1846,0,2641,1309,407,468,525,0,789,449,0,0,0,0,0,0,359,447,0,0,254,2637,0,0,960,1984,588,323,0,486,1802
0,0,0,0,0,0,0,0,4960,0,0,0,0,0,990,0,0,0,0,0,0,517,0,3368,658,563,0,0,2108,0,0,0,0,0,0,2699,0,3940,0,335,486,722,0,633,652,0,515,0,322,0,0,463,678,0,0,0,3081,0,0,1052,2539,700,519,0,0,1648
0,0,0,0,0,0,0,0,4663,0,0,0,0,0,1249,0,0,0,0,0,0,757,0,3671,751,490,0,0,2399,0,0,0,0,0,0,2956,0,3711,0,499,627,870,0,577,551,0,547,0,0,0,0,1000,650,0,0,413,4570,0,0,1094,2185,742,553,2249,1740,2537
0,0,0,0,0,0,0,0,4223,0,0,0,0,0,1041,0,0,0,0,0,0,663,0,3401,766,456,0,0,2237,0,0,0,0,0,0,3158,0,3043,0,349,583,926,0,588,451,0,0,2615,0,0,0,752,516,0,0,0,3427,0,0,1115,2034,608,480,0,0,2097
0,0,0,0,0,0,0,0,4367,0,0,0,0,0,1140,0,0,0,0,0,0,744,0,3275,807,416,0,0,2676,0,0,0,0,0,0,3226,0,3067,0,483,553,826,0,609,456,0,0,0,0,0,0,848,532,0,0,0,3515,0,0,1185,2203,629,527,0,0,2106
0,0,0,0,0,0,0,0,4566,0,0,0,0,0,1037,0,0,393,0,0,0,653,0,3468,670,490,0,0,2216,0,0,0,0,1834,0,3052,1963,3502,0,381,598,1639,1892,625,404,0,0,0,0,0,0,590,592,0,0,381,3329,0,0,1100,2238,723,507,0,574,1928
0,0,0,0,0,0,0,0,4024,0,0,0,0,0,939,0,0,0,0,0,0,599,0,2705,610,396,0,0,1617,0,0,0,0,0,0,1960,0,2584,0,385,474,618,0,639,325,0,0,1531,0,0,0,445,526,0,0,0,2577,0,0,908,2018,512,322,0,0,1887
0,0,0,0,0,0,0,0,3736,0,0,0,0,0,980,0,0,0,0,0,0,549,0,2579,499,442,0,0,1545,0,0,0,0,0,0,2061,0,2594,0,376,525,538,0,473,309,0,0,0,0,0,0,444,488,0,0,0,2627,0,0,783,1955,569,361,0,0,1549
0,0,0,0,0,0,0,0,4774,0,0,0,0,0,1281,0,0,0,0,0,0,659,0,3344,776,541,0,0,2364,0,0,0,0,0,0,2929,0,3541,0,434,651,695,0,606,514,0,0,0,0,0,0,743,662,0,0,0,3238,0,0,969,2349,655,497,0,570,2289
0,0,0,0,0,0,0,0,4147,0,0,0,0,0,1114,0,0,0,0,0,0,570,0,2442,793,444,0,0,2020,0,0,0,0,0,0,2738,0,3054,0,337,421,617,0,481,497,0,0,0,0,0,0,743,622,0,0,0,3137,0,0,933,2075,464,429,1660,855,1758
0,0,0,0,0,0,0,0,4246,0,0,0,0,0,1187,0,0,0,0,0,0,634,0,2743,763,473,0,0,2331,0,0,0,0,0,0,2857,0,2998,0,411,509,672,0,630,399,0,0,0,0,0,0,943,592,0,0,0,3190,0,0,925,2049,571,454,0,431,1856
0,0,0,0,0,0,0,0,4783,0,0,0,0,0,1220,0,0,0,0,0,0,759,0,3163,672,506,0,0,3110,0,0,0,0,0,0,3005,0,3590,0,499,740,732,0,510,506,0,0,0,0,0,0,1040,661,0,0,0,3820,0,0,1100,2168,539,539,0,0,2235
0,0,0,0,0,0,0,0,4279,0,0,0,0,0,1127,0,0,0,0,0,0,665,2721,3041,546,412,0,0,2198,0,0,0,0,0,0,2719,0,3599,0,405,640,800,0,599,561,0,0,0,0,0,0,918,529,0,0,0,3331,0,0,915,2077,769,526,2158,0,2060
0,0,0,0,0,0,0,0,3693,0,0,0,0,0,767,0,0,0,0,0,0,449,0,2438,425,434,0,0,1583,0,0,0,0,0,0,1704,1196,2703,0,298,397,375,0,400,411,0,0,0,0,0,0,553,521,0,0,0,2135,0,0,898,1832,481,439,1273,0,1522
0,0,0,0,0,0,0,0,3612,0,0,0,0,0,831,0,0,0,0,0,0,430,0,2226,429,476,276,0,1709,0,0,0,0,0,0,1714,0,2561,0,291,435,370,0,491,445,0,0,0,0,0,0,668,489,0,0,0,2095,0,0,870,1877,447,336,0,0,1561
0,0,0,0,0,0,0,0,4360,0,0,0,0,0,1120,0,0,0,0,0,0,613,0,3211,523,428,0,0,2653,0,0,0,0,0,0,3449,0,3529,0,406,597,705,0,451,807,0,0,0,0,0,0,879,638,0,0,0,3357,0,0,845,2067,671,421,0,0,2185
0,0,0,0,0,0,0,0,4342,0,0,0,0,769,1285,0,0,0,0,0,0,755,0,3429,619,472,570,0,3027,0,0,0,0,0,0,3033,0,3595,0,404,600,733,0,625,654,0,0,0,0,0,0,880,607,0,0,0,3324,0,0,1101,2123,684,0,0,0,2628
0,0,0,0,0,0,0,0,4232,0,0,0,0,0,1092,0,0,425,0,0,0,745,0,3427,640,508,378,0,2693,0,0,0,2072,0,0,3173,2716,3111,0,390,528,715,2414,511,440,0,0,0,0,0,0,753,569,0,0,416,3301,0,0,931,2309,742,502,2340,0,2129
0,0,0,0,0,0,0,0,4699,0,0,0,0,0,1185,0,0,518,0,0,0,673,0,3261,705,530,0,0,2521,0,0,0,2410,0,0,2948,3030,3470,0,354,496,1022,2900,584,489,0,0,0,0,0,0,829,672,2281,0,541,3420,0,0,1139,2386,756,580,5641,0,2839
0,0,0,0,0,0,0,0,3239,0,0,0,0,431,860,0,0,0,0,0,0,473,0,2181,496,359,0,0,1993,0,0,0,1552,0,0,2005,1807,2554,0,268,477,981,1579,492,384,0,0,0,0,0,0,802,468,0,0,0,2803,0,0,717,1491,684,356,2071,0,1780
0,0,0,0,0,0,0,0,3457,0,0,0,0,369,797,0,0,0,0,0,0,426,0,2406,364,348,0,0,2067,0,0,0,0,0,0,2059,1475,2571,0,270,424,505,0,397,354,0,0,0,0,0,0,598,451,0,0,0,2460,0,0,850,1754,733,0,3950,0,2408
0,0,0,0,0,0,0,0,3361,0,0,0,0,242,874,0,0,269,0,0,0,495,0,2163,256,412,0,0,1560,0,0,0,1280,0,0,1528,1492,2158,0,374,380,385,1344,478,390,0,0,0,0,0,0,565,389,1087,0,329,2303,0,0,823,1760,789,421,1587,0,1781
0,0,0,0,0,0,0,0,4481,0,0,0,0,336,1099,0,0,0,0,0,0,676,0,2860,374,461,0,0,2216,0,0,0,0,0,0,2622,1780,3269,0,365,527,705,1785,500,487,0,0,0,0,0,0,788,536,0,0,328,3027,0,0,1016,2266,732,502,2479,0,2812
0,0,0,0,0,0,0,0,4254,0,0,0,0,0,1109,0,0,0,0,0,0,656,0,2896,514,473,0,0,2364,0,0,0,0,0,0,2544,1906,3282,0,336,440,823,0,551,411,0,0,0,0,0,0,959,582,0,0,0,3531,0,0,971,2077,1038,445,2202,380,2295
0,0,0,0,0,0,0,0,4331,0,0,0,0,0,1109,0,0,0,0,0,0,621,0,2769,487,487,0,0,2412,0,0,0,0,0,0,2355,0,3145,0,376,405,1058,0,493,441,0,0,0,0,0,0,861,643,0,0,0,3236,0,0,930,1999,940,428,1897,0,1990
0,0,0,0,0,0,0,0,3932,0,0,0,0,0,1040,0,0,0,0,0,0,563,0,3032,618,461,0,0,2806,0,0,0,0,0,0,2305,1922,2826,0,361,632,674,0,461,394,0,0,0,0,0,0,756,522,0,0,365,4354,0,0,1004,1944,1294,383,0,0,1849
0,0,0,0,0,0,0,0,0,1194,0,0,0,0,724,0,0,0,0,0,0,0,0,0,2331,0,0,0,2796,0,0,0,0,3209,0,6053,0,0,0,0,657,868,0,0,0,708,769,0,0,0,0,816,0,0,0,0,6853,0,0,633,1311,2079,0,0,0,1560
0,0,0,0,0,0,0,0,2972,675,0,0,0,0,814,0,0,0,0,0,0,0,0,0,1161,319,0,0,2986,0,0,0,0,2556,0,5122,0,2273,0,326,562,706,0,611,340,0,0,0,0,0,0,873,0,0,0,0,5622,0,0,706,1577,1775,0,0,0,1528
0,0,0,0,0,0,0,0,3301,505,0,0,0,0,945,0,0,0,0,0,0,473,0,2267,999,371,0,0,2525,0,0,0,0,1991,0,6345,0,2591,0,324,633,1050,0,489,398,0,0,0,0,0,0,719,0,0,0,0,3613,0,0,716,1689,594,543,0,0,1803
0,0,0,0,0,0,0,0,3573,620,0,0,0,0,979,0,0,0,0,0,0,624,0,3087,1003,337,0,0,2874,0,0,0,0,2729,0,7539,0,3133,0,385,824,1021,0,0,458,0,0,2639,0,0,0,1391,0,0,0,0,5396,0,0,856,1735,1350,0,0,0,1809
0,0,0,0,0,0,0,0,3899,0,0,0,0,0,1172,0,0,0,0,0,0,686,0,2864,1370,393,0,0,0,0,0,0,0,0,0,5385,0,3217,0,435,752,1293,0,0,494,0,0,0,0,0,0,1325,0,0,0,0,4816,0,0,1008,1868,986,0,0,0,1846
0,0,0,0,0,0,0,0,3980,0,0,0,0,0,1344,0,0,0,0,0,0,664,0,2514,842,356,0,0,2541,0,0,0,0,0,0,5642,0,3261,0,402,502,1907,0,490,498,528,0,0,0,0,0,1162,499,0,0,0,3518,0,0,989,1966,711,532,0,0,2227
0,0,0,0,0,0,0,0,3720,0,0,0,0,0,961,0,0,0,0,0,0,619,0,2614,767,378,0,0,2986,0,0,0,0,0,0,4287,0,3255,0,389,600,1329,0,454,587,0,0,0,0,0,0,876,464,0,0,0,3456,0,0,931,1880,790,421,0,0,2303
0,0,0,0,0,0,0,0,4046,384,0,0,0,0,1145,0,0,0,0,0,0,747,0,2535,651,407,0,0,2402,0,0,0,0,2238,0,3882,0,3576,0,460,702,1089,0,522,631,0,0,0,0,0,0,800,532,0,0,0,3840,410,0,1065,2059,883,474,0,0,2533
0,0,0,0,0,0,0,0,3274,353,0,0,0,0,830,0,0,0,0,0,0,557,0,2489,602,396,0,0,1847,0,0,0,0,1872,0,2571,0,2766,0,398,544,1145,0,435,404,0,0,0,0,0,0,658,391,0,0,0,3213,0,0,812,1714,682,467,0,0,1725
0,0,0,0,0,0,0,0,3252,0,0,0,0,345,814,0,0,0,0,320,0,484,0,2165,573,377,0,0,2130,0,0,0,0,1877,0,2799,1565,2647,0,332,509,1034,0,439,475,0,0,1534,0,0,0,487,380,0,0,0,2746,0,0,824,1663,594,529,0,0,1827
0,0,0,0,0,0,0,0,3907,0,0,0,0,0,1086,0,0,0,0,0,0,716,0,2622,763,463,0,0,2470,0,0,0,0,2354,0,3348,2317,3119,0,441,634,870,2260,473,525,0,0,0,0,0,0,840,485,0,0,388,3831,0,0,815,1986,692,608,0,786,2179
